categories,description,internal,name,,,,,
pc-co-web,Pre Order Keys for Amazon,fightclub,CO_PRE_Amazon,"loc:""de"":""Champions Online Preorder - Amazon"":"" ""","loc:""en-US"":""Champions Online Preorder - Amazon"":"" ""","loc:""fr"":""Champions Online Preorder - Amazon"":"" ""","loc:""es"":""Champions Online Preorder - Amazon"":"" ""","loc:""it"":""Champions Online Preorder - Amazon"":"" """
pc-co-web,30 Day Bonus From Referral Program,fightclub,PRD-CO-GC-Referral30DayBonus,"loc:""de"":""Champions Online – Freundesprogrammbonus ; 30 Tage"":"" ""","loc:""en-US"":""Champions Online – Referral Program 30 day Bonus"":"" ""","loc:""fr"":""Champions Online – Programme de parrainage : Bonus de 30 jours"":"" ""","loc:""es"":""Champions Online Referral Program 30 day Bonus"":"" ""","loc:""it"":""Champions Online Referral Program 30 day Bonus"":"" """
pc-co-web,CO Digital Preorder Key Purchase,fightclub,PRD-CO-DPO-Cryptic,"loc:""de"":""[DE] Champions Online Digital Preorder"":"" ""","loc:""en-US"":""Champions Online Digital Preorder"":"" ""","loc:""fr"":""[FR] Champions Online Digital Preorder"":"" ""","loc:""es"":""Champions Online Digital Preorder"":"" ""","loc:""it"":""Champions Online Digital Preorder"":"" """
pc-co-web,Champions Online Demo - Cryptic Studios,fightclub,PRD-CO-DEMO-Cryptic,"loc:""en-US"":""Champions Online Demo - Cryptic Studios"":"" ""","loc:""fr"":""Démo de Champions Online - Cryptic Studios"":"" ""","loc:""de"":""Champions Online Demo - Cryptic Studios"":"" ""","loc:""es"":""Champions Online Demo - Cryptic Studios"":"" ""","loc:""it"":""Champions Online Demo - Cryptic Studios"":"" """
pc-co-web,CO Retail AAFES/Europac,fightclub,PRD-CO-R-US-AAFES,"loc:""de"":""Champions Online Retail - Military"":"" ""","loc:""en-US"":""Champions Online Retail - Military"":"" ""","loc:""fr"":""Champions Online Retail - Military"":"" ""","loc:""es"":""Champions Online Retail - Military"":"" ""","loc:""it"":""Champions Online Retail - Military"":"" """
pc-co-web,Champions Online Game Card 30 Days,fightclub,PRD-CO-GC-30Day,"loc:""fr"":""Champions Online Game Card 30 Days"":"" ""","loc:""de"":""Champions Online Game Card 30 Days"":"" ""","loc:""en-US"":""Champions Online Game Card 30 Days"":"" ""","loc:""es"":""Champions Online Game Card 30 Days"":"" ""","loc:""it"":""Champions Online Game Card 30 Days"":"" """
pc-co-web,Friend Recruitment Trial Product,fightclub,PRD-CO-RAF-Recruit,"loc:""de"":""Hier Kaufen!"":"" ""","loc:""en-US"":""Buy Now!"":"" ""","loc:""fr"":""Commandez!"":"" ""","loc:""es"":""Buy Now!"":"" ""","loc:""it"":""Buy Now!"":"" """
pc-co-web,Pre Order Keys for Best Buy,fightclub,CO_PRE_BestBuy,"loc:""de"":""Champions Online Preorder - Best Buy"":"" ""","loc:""en-US"":""Champions Online Preorder - Best Buy"":"" ""","loc:""fr"":""Champions Online Preorder - Best Buy"":"" ""","loc:""es"":""Champions Online Preorder - Best Buy"":"" ""","loc:""it"":""Champions Online Preorder - Best Buy"":"" """
pc-co-web,CO Retail GameStop US,fightclub,PRD-CO-R-US-GameStop,"loc:""de"":""Champions Online Retail - GameStop"":"" ""","loc:""en-US"":""Champions Online Retail - GameStop"":"" ""","loc:""fr"":""Champions Online Retail - GameStop"":"" ""","loc:""es"":""Champions Online Retail - GameStop"":"" ""","loc:""it"":""Champions Online Retail - GameStop"":"" """
pc-co-web,CO Preorder Amazon.fr,fightclub,PRD-CO-PO-FR-Amazon,"loc:""de"":""Champions Online Preorder"":"" ""","loc:""en-US"":""Champions Online Preorder"":"" ""","loc:""fr"":""Champions Online Preorder"":"" ""","loc:""es"":""Champions Online Preorder"":"" ""","loc:""it"":""Champions Online Preorder"":"" """
pc-co-web,CO Retail with Lifetime,fightclub,PRD-CO-R-Lifetime,"loc:""de"":""Champions Online Retail with Lifetime"":"" ""","loc:""en-US"":""Champions Online Retail with Lifetime"":"" ""","loc:""fr"":""Champions Online Retail with Lifetime"":"" ""","loc:""es"":""Champions Online Retail with Lifetime"":"" ""","loc:""it"":""Champions Online Retail with Lifetime"":"" """
pc-co-web,Champions Online Demo - Direct2Drive,fightclub,PRD-CO-DEMO-D2D,"loc:""en-US"":""Champions Online Demo - Direct2Drive"":"" ""","loc:""fr"":""Démo de Champions Online - Direct2Drive"":"" ""","loc:""de"":""Champions Online Demo - Direct2Drive"":"" ""","loc:""es"":""Champions Online Demo - Direct2Drive"":"" ""","loc:""it"":""Champions Online Demo - Direct2Drive"":"" """
pc-co-web,March Free to Play Weekend - Revelation,fightclub,PRD-CO-PR-2010MarFreeWeekend,"loc:""en-US"":""March Free to Play Weekend - Revelation"":""March Free to Play Weekend - Revelation""","loc:""de"":""Champions Online Schnupperwochenede"":""Champions Online Schnupperwochenede""","loc:""fr"":""Week-end gratuit de Champions Online"":""Week-end gratuit de Champions Online""","loc:""es"":""March Free to Play Weekend - Revelation"":"" ""","loc:""it"":""March Free to Play Weekend - Revelation"":"" """
pc-co-web,CO Preorder GameStop IT,fightclub,PRD-CO-IT-GameStop,"loc:""fr"":""Champions Online Preorder"":"" ""","loc:""en-US"":""Champions Online Preorder"":"" ""","loc:""de"":""Champions Online Preorder"":"" ""","loc:""es"":""Champions Online Preorder"":"" ""","loc:""it"":""Champions Online Preorder"":"" """
pc-co-web,CO Retail Walmart US,fightclub,PRD-CO-R-US-Walmart,"loc:""de"":""Champions Online Retail - Walmart"":"" ""","loc:""en-US"":""Champions Online Retail - Walmart"":"" ""","loc:""fr"":""Champions Online Retail - Walmart"":"" ""","loc:""es"":""Champions Online Retail - Walmart"":"" ""","loc:""it"":""Champions Online Retail - Walmart"":"" """
pc-co-web,CO Preorder Game Nordic,fightclub,PRD-CO-PO-ND-Game,"loc:""de"":""Champions Online Preorder"":"" ""","loc:""en-US"":""Champions Online Preorder"":"" ""","loc:""fr"":""Champions Online Preorder"":"" ""","loc:""es"":""Champions Online Preorder"":"" ""","loc:""it"":""Champions Online Preorder"":"" """
pc-co-web,CO Digital Steam,fightclub,PRD-CO-D-Steam,"loc:""de"":""Champions Online Retail - Steam"":"" ""","loc:""en-US"":""Champions Online Retail - Steam"":"" ""","loc:""fr"":""Champions Online Retail - Steam"":"" ""","loc:""es"":""Champions Online Retail - Steam"":"" ""","loc:""it"":""Champions Online Retail - Steam"":"" """
pc-co-web,CO Preorder Grop Elektronik,fightclub,PRD-CO-PO-DE-Grop,"loc:""de"":""Champions Online Preorder"":"" ""","loc:""en-US"":""Champions Online Preorder"":"" ""","loc:""fr"":""Champions Online Preorder"":"" ""","loc:""es"":""Champions Online Preorder"":"" ""","loc:""it"":""Champions Online Preorder"":"" """
pc-co-web,CO Preorder Fnac.com FR,fightclub,PRD-CO-PO-FR-Fnac,"loc:""de"":""Champions Online Preorder"":"" ""","loc:""en-US"":""Champions Online Preorder"":"" ""","loc:""fr"":""Champions Online Preorder"":"" ""","loc:""es"":""Champions Online Preorder"":"" ""","loc:""it"":""Champions Online Preorder"":"" """
pc-co-web,Champions Online Game Card 183 Days,fightclub,PRD-CO-GC-182Day,"loc:""fr"":""Champions Online Game Card 183 Days"":"" ""","loc:""en-US"":""Champions Online Game Card 183 Days"":"" ""","loc:""de"":""Champions Online Game Card 183 Days"":"" ""","loc:""es"":""Champions Online Game Card 183 Days"":"" ""","loc:""it"":""Champions Online Game Card 183 Days"":"" """
pc-co-web,CO Retail Visco,fightclub,PRD-CO-R-US-Visco,"loc:""de"":""Champions Online Retail - Visco"":"" ""","loc:""en-US"":""Champions Online Retail - Visco"":"" ""","loc:""fr"":""Champions Online Retail - Visco"":"" ""","loc:""es"":""Champions Online Retail - Visco"":"" ""","loc:""it"":""Champions Online Retail - Visco"":"" """
pc-co-web,CO Preorder GameStop Nordic,fightclub,PRD-CO-PO-ND-GameStop,"loc:""fr"":""Champions Online Preorder"":"" ""","loc:""en-US"":""Champions Online Preorder"":"" ""","loc:""de"":""Champions Online Preorder"":"" ""","loc:""es"":""Champions Online Preorder"":"" ""","loc:""it"":""Champions Online Preorder"":"" """
pc-co-web,CO Preorder Game UK,fightclub,PRD-CO-PO-UK-Game,"loc:""de"":""Champions Online Preorder"":"" ""","loc:""en-US"":""Champions Online Preorder"":"" ""","loc:""fr"":""Champions Online Preorder"":"" ""","loc:""es"":""Champions Online Preorder"":"" ""","loc:""it"":""Champions Online Preorder"":"" """
pc-co-web,CO Generic for Subscriptions,fightclub,PRD-CO,"loc:""de"":""[DE] Champions Online Retail"":"" ""","loc:""en-US"":""Champions Online Retail"":"" ""","loc:""fr"":""[FR] Champions Online Retail"":"" ""","loc:""es"":""Champions Online Retail"":"" ""","loc:""it"":""Champions Online Retail"":"" """
pc-co-web,CO Retail Generic,fightclub,PRD-CO-R,"loc:""de"":""[DE] Champions Online Retail"":"" ""","loc:""en-US"":""Champions Online Retail"":"" ""","loc:""fr"":""[FR] Champions Online Retail"":"" ""","loc:""es"":""Champions Online Retail"":"" ""","loc:""it"":""Champions Online Retail"":"" """
pc-co-web,CO Preorder Amazon UK,fightclub,PRD-CO-PO-UK-Amazon,"loc:""de"":""Champions Online Preorder"":"" ""","loc:""en-US"":""Champions Online Preorder"":"" ""","loc:""fr"":""Champions Online Preorder"":"" ""","loc:""es"":""Champions Online Preorder"":"" ""","loc:""it"":""Champions Online Preorder"":"" """
pc-co-web,Champions Online Preorder Australia EBGames,fightclub,PRD-CO-PO-AU-EBGames,"loc:""de"":""Champions Online Preorder"":"" ""","loc:""en-US"":""Champions Online Preorder"":"" ""","loc:""fr"":""Champions Online Preorder"":"" ""","loc:""es"":""Champions Online Preorder"":"" ""","loc:""it"":""Champions Online Preorder"":"" """
pc-co-web,CO Preorder Stereostudio,fightclub,PRD-CO-PO-ND-Stereostudio,"loc:""de"":""Champions Online Preorder"":"" ""","loc:""en-US"":""Champions Online Preorder"":"" ""","loc:""fr"":""Champions Online Preorder"":"" ""","loc:""es"":""Champions Online Preorder"":"" ""","loc:""it"":""Champions Online Preorder"":"" """
pc-co-web,CO Retail Generic EU,fightclub,PRD-CO-R-EU,"loc:""de"":""Champions Online Retail"":"" ""","loc:""en-US"":""Champions Online Retail"":"" ""","loc:""fr"":""Champions Online Retail"":"" ""","loc:""es"":""Champions Online Retail"":"" ""","loc:""it"":""Champions Online Retail"":"" """
pc-co-web,CO Preorder Gamestation,fightclub,PRD-CO-PO-UK-Gamestation,"loc:""de"":""Champions Online Preorder"":"" ""","loc:""en-US"":""Champions Online Preorder"":"" ""","loc:""fr"":""Champions Online Preorder"":"" ""","loc:""es"":""Champions Online Preorder"":"" ""","loc:""it"":""Champions Online Preorder"":"" """
pc-co-web,CO Digital Direct2Drive,fightclub,PRD-CO-D-D2D,"loc:""de"":""Champions Online Retail - Direct2Drive"":"" ""","loc:""en-US"":""Champions Online Retail - Direct2Drive"":"" ""","loc:""fr"":""Champions Online Retail - Direct2Drive"":"" ""","loc:""es"":""Champions Online Retail - Direct2Drive"":"" ""","loc:""it"":""Champions Online Retail - Direct2Drive"":"" """
pc-co-web,CO Preorder Play.com,fightclub,PRD-CO-PO-UK-Play,"loc:""de"":""Champions Online Preorder"":"" ""","loc:""en-US"":""Champions Online Preorder"":"" ""","loc:""fr"":""Champions Online Preorder"":"" ""","loc:""es"":""Champions Online Preorder"":"" ""","loc:""it"":""Champions Online Preorder"":"" """
pc-co-web,CO Retail with 6 Months Access,fightclub,PRD-CO-R-6Month,"loc:""de"":""Champions Online Retail with 6-Month Access"":"" ""","loc:""en-US"":""Champions Online Retail with 6-Month Access"":"" ""","loc:""fr"":""Champions Online Retail with 6-Month Access"":"" ""","loc:""es"":""Champions Online Retail with 6-Month Access"":"" ""","loc:""it"":""Champions Online Retail with 6-Month Access"":"" """
pc-co-web,CO Preorder Amazon.de,fightclub,PRD-CO-PO-DE-Amazon,"loc:""fr"":""Champions Online Preorder"":"" ""","loc:""en-US"":""Champions Online Preorder"":"" ""","loc:""de"":""Champions Online Preorder"":"" ""","loc:""es"":""Champions Online Preorder"":"" ""","loc:""it"":""Champions Online Preorder"":"" """
pc-co-web,Champions Online Demo - Digital River,fightclub,PRD-CO-DEMO-DigitalRiver,"loc:""en-US"":""Champions Online Demo - Digital River"":"" ""","loc:""fr"":""Démo de Champions Online - Digital River"":"" ""","loc:""de"":""Champions Online Demo - Digital River"":"" ""","loc:""es"":""Champions Online Demo - Digital River"":"" ""","loc:""it"":""Champions Online Demo - Digital River"":"" """
pc-co-web,CO Preorder GameStop Ireland,fightclub,PRD-CO-PO-UK-GameStop,"loc:""de"":""Champions Online Preorder"":"" ""","loc:""en-US"":""Champions Online Preorder"":"" ""","loc:""fr"":""Champions Online Preorder"":"" ""","loc:""es"":""Champions Online Preorder"":"" ""","loc:""it"":""Champions Online Preorder"":"" """
pc-co-web,CO 14-Day Trial,fightclub,PRD-CO-PR-Trial14Day,"loc:""de"":""Champions Online 14-Day Trial"":"" ""","loc:""en-US"":""Champions Online 14-Day Trial"":"" ""","loc:""fr"":""Champions Online 14-Day Trial"":"" ""","loc:""es"":""Champions Online 14-Day Trial"":"" ""","loc:""it"":""Champions Online 14-Day Trial"":"" """
pc-co-web,Lifetime Employee Account with CO Digital Copy,fightclub,PRD-CO-Lifetime-Employee,"loc:""de"":""Champions Online Lifetime Employee Account"":"" ""","loc:""en-US"":""Champions Online Lifetime Employee Account"":"" ""","loc:""fr"":""Champions Online Lifetime Employee Account"":"" ""","loc:""es"":""Champions Online Lifetime Employee Account"":"" ""","loc:""it"":""Champions Online Lifetime Employee Account"":"" """
pc-co-web,CO Retail Amazon.com,fightclub,PRD-CO-R-US-Amazon,"loc:""de"":""Champions Online Retail - Amazon.com"":"" ""","loc:""en-US"":""Champions Online Retail - Amazon.com"":"" ""","loc:""fr"":""Champions Online Retail - Amazon.com"":"" ""","loc:""es"":""Champions Online Retail - Amazon.com"":"" ""","loc:""it"":""Champions Online Retail - Amazon.com"":"" """
pc-co-web,CO Preorder Switzerland,fightclub,PRD-CO-PO-DE-Switzerland,"loc:""de"":""Champions Online Preorder"":"" ""","loc:""en-US"":""Champions Online Preorder"":"" ""","loc:""fr"":""Champions Online Preorder"":"" ""","loc:""es"":""Champions Online Preorder"":"" ""","loc:""it"":""Champions Online Preorder"":"" """
pc-co-web,Champions Online Demo - Steam,fightclub,PRD-CO-DEMO-Steam,"loc:""en-US"":""Champions Online Demo - Steam"":"" ""","loc:""fr"":""Démo de Champions Online - Steam"":"" ""","loc:""de"":""Champions Online Demo - Steam"":"" ""","loc:""es"":""Champions Online Demo - Steam"":"" ""","loc:""it"":""Champions Online Demo - Steam"":"" """
pc-co-web,Digital retail 180 day game time,fightclub,PRD-CO-DR-180dayGameTime,"loc:""de"":""Champions Online Game Card 180 Days"":"" ""","loc:""en-US"":""Champions Online Game Card 180 Days"":"" ""","loc:""fr"":""Champions Online Game Card 180 Days"":"" ""","loc:""es"":""Champions Online Game Card 180 Days"":"" ""","loc:""it"":""Champions Online Game Card 180 Days"":"" """
pc-co-web,CO Preorder Dbline,fightclub,PRD-CO-PO-IT-Dbline,"loc:""de"":""Champions Online Preorder"":"" ""","loc:""en-US"":""Champions Online Preorder"":"" ""","loc:""fr"":""Champions Online Preorder"":"" ""","loc:""es"":""Champions Online Preorder"":"" ""","loc:""it"":""Champions Online Preorder"":"" """
pc-co-web,CO Preorder Iberia,fightclub,PRD-CO-PO-IB,"loc:""de"":""Champions Online Preorder"":"" ""","loc:""en-US"":""Champions Online Preorder"":"" ""","loc:""fr"":""Champions Online Preorder"":"" ""","loc:""es"":""Champions Online Preorder"":"" ""","loc:""it"":""Champions Online Preorder"":"" """
pc-co-web,GamerZine Promotional Item - Benign Symbiote,fightclub,PRD-CO-PR-GamerZine200909,"loc:""de"":""GamerZine Promotion"":"" ""","loc:""en-US"":""GamerZine Promotion"":"" ""","loc:""fr"":""GamerZine Promotion"":"" ""","loc:""es"":""GamerZine Promotion"":"" ""","loc:""it"":""GamerZine Promotion"":"" """
pc-co-web,CO Preorder Blockbuster IT,fightclub,PRD-CO-PO-IT-Blockbuster,"loc:""de"":""Champions Online Preorder"":"" ""","loc:""en-US"":""Champions Online Preorder"":"" ""","loc:""fr"":""Champions Online Preorder"":"" ""","loc:""es"":""Champions Online Preorder"":"" ""","loc:""it"":""Champions Online Preorder"":"" """
pc-co-web,Champions Online Demo - Cryptic Studios Internal Test,fightclub,PRD-CO-DEMO-CrypticTest,"loc:""en-US"":""Champions Online Demo - Cryptic Studios Internal Test"":"" ""","loc:""fr"":""Démo de Champions Online - Cryptic Studios Internal Test"":"" ""","loc:""de"":""Champions Online Demo - Cryptic Studios Internal Test"":"" ""","loc:""es"":""Champions Online Demo - Cryptic Studios Internal Test"":"" ""","loc:""it"":""Champions Online Demo - Cryptic Studios Internal Test"":"" """
pc-co-web,CO Preorder Area4,fightclub,PRD-CO-PO-IT-Area4,"loc:""fr"":""Champions Online Preorder"":"" ""","loc:""en-US"":""Champions Online Preorder"":"" ""","loc:""de"":""Champions Online Preorder"":"" ""","loc:""es"":""Champions Online Preorder"":"" ""","loc:""it"":""Champions Online Preorder"":"" """
pc-co-web,Digital retail 90 day game time,fightclub,PRD-CO-DR-90dayGameTime,"loc:""de"":""Champions Online Game Card 90 Days"":"" ""","loc:""en-US"":""Champions Online Game Card 90 Days"":"" ""","loc:""fr"":""Champions Online Game Card 90 Days"":"" ""","loc:""es"":""Champions Online Game Card 90 Days"":"" ""","loc:""it"":""Champions Online Game Card 90 Days"":"" """
pc-co-web,CO Retail Best Buy US,fightclub,PRD-CO-R-BestBuy,"loc:""de"":""Champions Online Retail"":"" ""","loc:""en-US"":""Champions Online Retail"":"" ""","loc:""fr"":""Champions Online Retail"":"" ""","loc:""es"":""Champions Online Retail"":"" ""","loc:""it"":""Champions Online Retail"":"" """
pc-co-web,Champions Online Game Card 60 Days,fightclub,PRD-CO-GC-60Day,"loc:""de"":""Champions Online Game Card 60 Days"":"" ""","loc:""en-US"":""Champions Online Game Card 60 Days"":"" ""","loc:""fr"":""Champions Online Game Card 60 Days"":"" ""","loc:""es"":""Champions Online Game Card 60 Days"":"" ""","loc:""it"":""Champions Online Game Card 60 Days"":"" """
pc-co-web,Champions Online - Digital Download,fightclub,PRD-CO-DR,"loc:""de"":""Champions Online - Digital Download"":"" ""","loc:""en-US"":""Champions Online - Digital Download"":"" ""","loc:""fr"":""Champions Online - Digital Download"":"" ""","loc:""es"":""Champions Online - Digital Download"":"" ""","loc:""it"":""Champions Online - Digital Download"":"" """
pc-co-web,CO Public Test Shard,fightclub,PRD-CO-T,"loc:""de"":""Champions Online Public Test Shard"":"" ""","loc:""en-US"":""Champions Online Public Test Shard"":"" ""","loc:""fr"":""Champions Online Public Test Shard"":"" ""","loc:""es"":""Champions Online Public Test Shard"":"" ""","loc:""it"":""Champions Online Public Test Shard"":"" """
pc-co-web,Head Start Pets,fightclub,PRD-CO-PR-HeadStartGift,"loc:""de"":""Champions Head Start Gifts"":"" ""","loc:""en-US"":""Champions Head Start Gifts"":"" ""","loc:""fr"":""Champions Head Start Gifts"":"" ""","loc:""es"":""Champions Head Start Gifts"":"" ""","loc:""it"":""Champions Head Start Gifts"":"" """
pc-co-web,CO Retail Best Buy US,fightclub,PRD-CO-R-US-BestBuy,"loc:""de"":""Champions Online Retail - Best Buy"":"" ""","loc:""en-US"":""Champions Online Retail - Best Buy"":"" ""","loc:""fr"":""Champions Online Retail - Best Buy"":"" ""","loc:""es"":""Champions Online Retail - Best Buy"":"" ""","loc:""it"":""Champions Online Retail - Best Buy"":"" """
pc-co-web,Champions Online Game Card 90 Days,fightclub,PRD-CO-GC-91Day,"loc:""de"":""Champions Online Game Card 90 Days"":"" ""","loc:""en-US"":""Champions Online Game Card 90 Days"":"" ""","loc:""fr"":""Champions Online Game Card 90 Days"":"" ""","loc:""es"":""Champions Online Game Card 90 Days"":"" ""","loc:""it"":""Champions Online Game Card 90 Days"":"" """
pc-co-web,CO Preorder Fnac,fightclub,PRD-CO-PO-IT-Fnac,"loc:""de"":""Champions Online Preorder"":"" ""","loc:""en-US"":""Champions Online Preorder"":"" ""","loc:""fr"":""Champions Online Preorder"":"" ""","loc:""es"":""Champions Online Preorder"":"" ""","loc:""it"":""Champions Online Preorder"":"" """
pc-co-web,CO Preorder GameStop DE,fightclub,PRD-CO-DE-GameStop,"loc:""fr"":""Champions Online Preorder"":"" ""","loc:""en-US"":""Champions Online Preorder"":"" ""","loc:""de"":""Champions Online Preorder"":"" ""","loc:""es"":""Champions Online Preorder"":"" ""","loc:""it"":""Champions Online Preorder"":"" """
pc-co-web,Pre Order Keys for GameStop ,fightclub,CO_PRE_GameStop,"loc:""de"":""Champions Online Preorder - GameStop"":"" ""","loc:""en-US"":""Champions Online Preorder - GameStop"":"" ""","loc:""fr"":""Champions Online Preorder - GameStop"":"" ""","loc:""es"":""Champions Online Preorder - GameStop"":"" ""","loc:""it"":""Champions Online Preorder - GameStop"":"" """
pc-co-web,CO Digital Key Champions-Online.com,fightclub,PRD-CO-DR-Cryptic,"loc:""fr"":""Champions Online Digital Download"":""Champions Online Digital Download""","loc:""en-US"":""Champions Online Digital Download"":"" ""","loc:""de"":""Champions Online Digital Download"":""Champions Online Digital Download""","loc:""es"":""Champions Online Digital Download"":"" ""","loc:""it"":""Champions Online Digital Download"":"" """
pc-co-web,CO Retail Generic Canada,fightclub,PRD-CO-R-CA,"loc:""de"":""[DE] Champions Online Retail"":"" ""","loc:""en-US"":""Champions Online Retail"":"" ""","loc:""fr"":""[FR] Champions Online Retail"":"" ""","loc:""es"":""Champions Online Retail"":"" ""","loc:""it"":""Champions Online Retail"":"" """
pc-co-web,CO Preorder South Africia,fightclub,PRD-CO-PO-ZA,"loc:""de"":""Champions Online Preorder"":"" ""","loc:""en-US"":""Champions Online Preorder"":"" ""","loc:""fr"":""Champions Online Preorder"":"" ""","loc:""es"":""Champions Online Preorder"":"" ""","loc:""it"":""Champions Online Preorder"":"" """
pc-co-web,CO Preorder HMV,fightclub,PRD-CO-PO-UK-HMV,"loc:""de"":""Champions Online Preorder"":"" ""","loc:""en-US"":""Champions Online Preorder"":"" ""","loc:""fr"":""Champions Online Preorder"":"" ""","loc:""es"":""Champions Online Preorder"":"" ""","loc:""it"":""Champions Online Preorder"":"" """
pc-co-web,Digital retail 30 day game time,fightclub,PRD-CO-DR-30dayGameTime,"loc:""de"":""Champions Online Game Card 30 Days"":"" ""","loc:""en-US"":""Champions Online Game Card 30 Days"":"" ""","loc:""fr"":""Champions Online Game Card 30 Days"":"" ""","loc:""es"":""Champions Online Game Card 30 Days"":"" ""","loc:""it"":""Champions Online Game Card 30 Days"":"" """
pc-co-web,Cryptic Points 80 Bundle,fightclub,PRD-CrypticPoints80,"loc:""de"":""80 Cryptic Punkte"":"" ""","loc:""en-US"":""80 Cryptic Points"":"" ""","loc:""fr"":""80 Points Cryptic"":"" ""","loc:""es"":""80 Cryptic Points"":"" ""","loc:""it"":""80 Cryptic Points"":"" """
pc-co-web,CO Preorder Other AU,fightclub,PRD-CO-PO-AU,"loc:""de"":""Champions Online Preorder"":"" ""","loc:""en-US"":""Champions Online Preorder"":"" ""","loc:""fr"":""Champions Online Preorder"":"" ""","loc:""es"":""Champions Online Preorder"":"" ""","loc:""it"":""Champions Online Preorder"":"" """
pc-co-web,Walmart Bonus days and points,fightclub,PRD-CO-PR-WalmartBonus,"loc:""de"":""Game Card 30 Days + 400 Cryptic Points"":"" ""","loc:""en-US"":""Game Card 30 Days + 400 Cryptic Points"":"" ""","loc:""fr"":""Game Card 30 Days + 400 Cryptic Points"":"" ""","loc:""es"":""Game Card 30 Days + 400 Cryptic Points"":"" ""","loc:""it"":""Game Card 30 Days + 400 Cryptic Points"":"" """
pc-co-web,CO Retail Generic for CS,fightclub,PRD-CO-R-CS,"loc:""de"":""Champions Online"":"" ""","loc:""en-US"":""Champions Online"":"" ""","loc:""fr"":""Champions Online"":"" ""","loc:""es"":""Champions Online"":"" ""","loc:""it"":""Champions Online"":"" """
pc-co-web,CO Preorder Game FR,fightclub,PRD-CO-PO-FR-Game,"loc:""de"":""Champions Online Preorder"":"" ""","loc:""en-US"":""Champions Online Preorder"":"" ""","loc:""fr"":""Champions Online Preorder"":"" ""","loc:""es"":""Champions Online Preorder"":"" ""","loc:""it"":""Champions Online Preorder"":"" """
pc-co-web,CO Preorder Promovideo,fightclub,PRD-CO-PO-IT-Promovideo,"loc:""de"":""Champions Online Preorder"":"" ""","loc:""en-US"":""Champions Online Preorder"":"" ""","loc:""fr"":""Champions Online Preorder"":"" ""","loc:""es"":""Champions Online Preorder"":"" ""","loc:""it"":""Champions Online Preorder"":"" """
pc-co-web,Pre Order Keys for Visco,fightclub,CO_PRE_Visco,"loc:""de"":""Champions Online Preorder"":"" ""","loc:""en-US"":""Champions Online Preorder"":"" ""","loc:""fr"":""Champions Online Preorder"":"" ""","loc:""es"":""Champions Online Preorder"":"" ""","loc:""it"":""Champions Online Preorder"":"" """
"pc-co-web,pc-co-web-cancel",CO Retail Key with 60-Day for Partners,fightclub,PRD-CO-R-60DayNoBilling,"loc:""de"":""Champions Online"":"" ""","loc:""en-US"":""Champions Online"":"" ""","loc:""fr"":""Champions Online"":"" ""","loc:""es"":""Champions Online"":"" ""","loc:""it"":""Champions Online"":"" """
"pc-co-web,pc-co-web-cancel",CO Retail Key with Lifetime access for Press,fightclub,PRD-CO-R-PRESS,"loc:""de"":""Champions Online"":"" ""","loc:""en-US"":""Champions Online"":"" ""","loc:""fr"":""Champions Online"":"" ""","loc:""es"":""Champions Online"":"" ""","loc:""it"":""Champions Online"":"" """
pc-co-web-cs,Champions Online Game Card 1 Days,fightclub,PRD-CO-GC-1Day,"loc:""de"":""Champions Online Game Card 1 Days"":"" ""","loc:""en-US"":""Champions Online Game Card 1 Days"":"" ""","loc:""fr"":""Champions Online Game Card 1 Days"":"" ""","loc:""es"":""Champions Online Game Card 1 Days"":"" ""","loc:""it"":""Champions Online Game Card 1 Days"":"" """
pc-co-web-cs,CO Lifetime,fightclub,PRD-CO-LifetimeCS,"loc:""de"":""Champions Online Lifetime-Abo"":"" ""","loc:""en-US"":""Champions Online Lifetime Subscription"":"" ""","loc:""fr"":""ABONNEMENT A VIE CHAMPIONS ONLINE"":"" ""","loc:""es"":""Champions Online Lifetime Subscription"":"" ""","loc:""it"":""Champions Online Lifetime Subscription"":"" """
pc-co-web-cs,CO 6-Month Discounted Key (Customer Service),fightclub,PRD-CO-6MonthPOCS,"loc:""fr"":""CO 6-Month Discounted Key (Customer Service)"":"" ""","loc:""en-US"":""CO 6-Month Discounted Key (Customer Service)"":"" ""","loc:""de"":""CO 6-Month Discounted Key (Customer Service)"":"" ""","loc:""es"":""CO 6-Month Discounted Key (Customer Service)"":"" ""","loc:""it"":""CO 6-Month Discounted Key (Customer Service)"":"" """
pc-co-web-discontinued,Champions Online Open Beta Generic,fightclub,PRD-CO-OB,"loc:""de"":""Champions Online Open Beta"":"" ""","loc:""en-US"":""Champions Online Open Beta"":""Champions Online Open Beta""","loc:""fr"":""Champions Online Open Beta"":"" ""","loc:""es"":""Champions Online Open Beta"":""Champions Online Open Beta""","loc:""it"":""Champions Online Open Beta"":""Champions Online Open Beta"""
pc-co-web-po,CO Non-recurring 6-Month Discounted,fightclub,PRD-CO-6MonthPO,"loc:""de"":""Champions Online Sechs-Monats Abonnement"":"" ""","loc:""en-US"":""Champions Online 6-Month Discounted Subscription"":"" ""","loc:""fr"":""Abonnement de six mois Champions Online"":"" ""","loc:""es"":""Champions Online 6-Month Discounted Subscription"":"" ""","loc:""it"":""Champions Online 6-Month Discounted Subscription"":"" """
pc-co-web-po,CO Lifetime,fightclub,PRD-CO-LifetimePO,"loc:""de"":""Champions Online Lifetime-Abo"":"" ""","loc:""en-US"":""Champions Online Lifetime Subscription"":"" ""","loc:""fr"":""ABONNEMENT A VIE CHAMPIONS ONLINE"":"" ""","loc:""es"":""Champions Online Lifetime Subscription"":"" ""","loc:""it"":""Champions Online Lifetime Subscription"":"" """
"PC-CrypticPoint, web, CrypticPoints",Cryptic Points 2000 Bundle,fightclub,PRD-CrypticPoints2000,"loc:""fr"":""2000 Points Cryptic"":"" ""","loc:""en-US"":""2000 Cryptic Points"":"" ""","loc:""de"":""2000 Cryptic Punkte"":"" ""","loc:""es"":""2000 Cryptic Points"":"" ""","loc:""it"":""2000 Cryptic Points"":"" """
"PC-CrypticPoint, web, CrypticPoints",Cryptic Points 5000 Bundle,fightclub,PRD-CrypticPoints5000,"loc:""de"":""5000 Cryptic Punkte"":"" ""","loc:""en-US"":""5000 Cryptic Points"":"" ""","loc:""fr"":""5000 Points Cryptic"":"" ""","loc:""es"":""5000 Cryptic Points"":"" ""","loc:""it"":""5000 Cryptic Points"":"" """
"PC-CrypticPoint, web, CrypticPoints",Cryptic Points 1000 Bundle,fightclub,PRD-CrypticPoints1000,"loc:""de"":""1000 Cryptic Punkte"":"" ""","loc:""en-US"":""1000 Cryptic Points"":"" ""","loc:""fr"":""1000 Points Cryptic"":"" ""","loc:""es"":""1000 Cryptic Points"":"" ""","loc:""it"":""1000 Cryptic Points"":"" """
"PC-CrypticPoint, web, CrypticPoints",Cryptic Points 500 Bundle,fightclub,PRD-CrypticPoints500,"loc:""fr"":""500 Points Cryptic"":"" ""","loc:""en-US"":""500 Cryptic Points"":"" ""","loc:""de"":""500 Cryptic Punkte"":"" ""","loc:""es"":""500 Cryptic Points"":"" ""","loc:""it"":""500 Cryptic Points"":"" """
pc-sto-web,Star Trek Online - GNT Retail Items ND (Promo Card),StarTrek,PRD-STO-R-ND-GNT,"loc:""de"":""Star Trek Online - In game items"":"" ""","loc:""en-US"":""Star Trek Online - In game items"":"" ""","loc:""fr"":""Star Trek Online - In game items"":"" ""","loc:""es"":""Star Trek Online - In game items"":"" ""","loc:""it"":""Star Trek Online - In game items"":"" """
pc-sto-web,STO Game Card 30 Days Digital,StarTrek,PRD-STO-DR-30dayGameTime,"loc:""de"":""Star Trek Online Game Card - 30 days"":"" ""","loc:""en-US"":""Star Trek Online Game Card - 30 days"":"" ""","loc:""fr"":""Star Trek Online Game Card - 30 days"":"" ""","loc:""es"":""Star Trek Online Game Card - 30 days"":"" ""","loc:""it"":""Star Trek Online Game Card - 30 days"":"" """
pc-sto-web,Del Taco cup promotion,StarTrek,PRD-STO-PR-DelTacoBatchC,"loc:""de"":""Star Trek Online Del Taco Promotion C"":"" ""","loc:""en-US"":""Star Trek Online Del Taco Promotion C"":"" ""","loc:""fr"":""Star Trek Online Del Taco Promotion C"":"" ""","loc:""es"":""Star Trek Online Del Taco Promotion C"":"" ""","loc:""it"":""Star Trek Online Del Taco Promotion C"":"" """
pc-sto-web,Del Taco cup promotion,StarTrek,PRD-STO-PR-DelTacoBonus,"loc:""de"":""Star Trek Online Del Taco Bonus"":"" ""","loc:""en-US"":""Star Trek Online Del Taco Bonus"":"" ""","loc:""fr"":""Star Trek Online Del Taco Bonus"":"" ""","loc:""es"":""Star Trek Online Del Taco Bonus"":"" ""","loc:""it"":""Star Trek Online Del Taco Bonus"":"" """
pc-sto-web,Star Trek Online - Retail Items for AUS EB Games (Promo Card),StarTrek,PRD-STO-R-AUS-EBGames,"loc:""de"":""Star Trek Online - In game items"":"" ""","loc:""en-US"":""Star Trek Online - In game items"":"" ""","loc:""fr"":""Star Trek Online - In game items"":"" ""","loc:""es"":""Star Trek Online - In game items"":"" ""","loc:""it"":""Star Trek Online - In game items"":"" """
pc-sto-web,Star Trek Online  - Komplett Retail Items ND (Promo Card),StarTrek,PRD-STO-R-ND-Komplett,"loc:""de"":""Star Trek Online - In game items"":"" ""","loc:""en-US"":""Star Trek Online - In game items"":"" ""","loc:""fr"":""Star Trek Online - In game items"":"" ""","loc:""es"":""Star Trek Online - In game items"":"" ""","loc:""it"":""Star Trek Online - In game items"":"" """
pc-sto-web,Star Trek Online  - Advantage UK Retail Items (Promo Card),StarTrek,PRD-STO-R-UK-Advantage,"loc:""fr"":""Star Trek Online - In game items"":"" ""","loc:""en-US"":""Star Trek Online - In game items"":"" ""","loc:""de"":""Star Trek Online - In game items"":"" ""","loc:""es"":""Star Trek Online - In game items"":"" ""","loc:""it"":""Star Trek Online - In game items"":"" """
pc-sto-web,,StarTrek,PRD-STO-DR -DD-Gamersgate,"loc:""de"":""Star Trek Online - Digital Deluxe"":"" ""","loc:""en-US"":""Star Trek Online - Digital Deluxe"":"" ""","loc:""fr"":""Star Trek Online - Digital Deluxe"":"" ""","loc:""es"":""Star Trek Online - Digital Deluxe"":"" ""","loc:""it"":""Star Trek Online - Digital Deluxe"":"" """
pc-sto-web,Star Trek Digital Copy,StarTrek,PRD-STO-Store-DR-Cryptic,"loc:""de"":""Star Trek Online Digital Retail Key"":"" ""","loc:""en-US"":""Star Trek Online Digital Retail Key"":"" ""","loc:""fr"":""Star Trek Online Digital Retail Key"":"" ""","loc:""es"":""Star Trek Online Digital Retail Key"":"" ""","loc:""it"":""Star Trek Online Digital Retail Key"":"" """
pc-sto-web,STO Game Card 180 Days Digital,StarTrek,PRD-STO-DR-180dayGameTime,"loc:""de"":""Star Trek Online Game Card - 183 days"":"" ""","loc:""en-US"":""Star Trek Online Game Card - 183 days"":"" ""","loc:""fr"":""Star Trek Online Game Card - 183 days"":"" ""","loc:""es"":""Star Trek Online Game Card - 183 days"":"" ""","loc:""it"":""Star Trek Online Game Card - 183 days"":"" """
pc-sto-web,Del Taco cup promotion,StarTrek,PRD-STO-PR-DelTacoBatchB,"loc:""de"":""Star Trek Online Del Taco Promotion B"":"" ""","loc:""en-US"":""Star Trek Online Del Taco Promotion B"":"" ""","loc:""fr"":""Star Trek Online Del Taco Promotion B"":"" ""","loc:""es"":""Star Trek Online Del Taco Promotion B"":"" ""","loc:""it"":""Star Trek Online Del Taco Promotion B"":"" """
pc-sto-web,Star Trek Online  - WalMart Retail Edition,StarTrek,PRD-STO-R-US-Walmart,"loc:""de"":""Star Trek Online - Retail"":"" ""","loc:""en-US"":""Star Trek Online - Retail"":"" ""","loc:""fr"":""Star Trek Online - Retail"":"" ""","loc:""es"":""Star Trek Online - Retail"":"" ""","loc:""it"":""Star Trek Online - Retail"":"" """
pc-sto-web,Star Trek Online Lifetime,StarTrek,PRD-STO-R-LifetimePO-DE,"loc:""fr"":""Star Trek Online Lifetime Subscription"":"" ""","loc:""en-US"":""Star Trek Online Lifetime Subscription"":"" ""","loc:""de"":""Star Trek Online Lifetime Subscription"":"" ""","loc:""es"":""Star Trek Online Lifetime Subscription"":"" ""","loc:""it"":""Star Trek Online Lifetime Subscription"":"" """
pc-sto-web,Star Trek Online - Retail Items for FR Fnac (Promo Card),StarTrek,PRD-STO-R-FR-Fnac,"loc:""de"":""Star Trek Online - In game items"":"" ""","loc:""en-US"":""Star Trek Online - In game items"":"" ""","loc:""fr"":""Star Trek Online - In game items"":"" ""","loc:""es"":""Star Trek Online - In game items"":"" ""","loc:""it"":""Star Trek Online - In game items"":"" """
pc-sto-web,Science Console - Emergency Medical Hologram - Unlock,StarTrek,PRD-STO-PR-FI-EMH,"loc:""fr"":""Console scientifique – Hologramme médical d’urgence"":"" ""","loc:""en-US"":""Science Console - Emergency Medical Hologram"":"" ""","loc:""de"":""Wissenschaftliche Konsole – Medizinisch-Holographisches Notfallprogramm"":"" ""","loc:""es"":""Science Console - Emergency Medical Hologram"":"" ""","loc:""it"":""Science Console - Emergency Medical Hologram"":"" """
pc-sto-web,,StarTrek,PRD-STO-DR-Gamersgate,"loc:""de"":""Star Trek Online - Digital Retail"":"" ""","loc:""en-US"":""Star Trek Online - Digital Retail"":"" ""","loc:""fr"":""Star Trek Online - Digital Retail"":"" ""","loc:""es"":""Star Trek Online - Digital Retail"":"" ""","loc:""it"":""Star Trek Online - Digital Retail"":"" """
pc-sto-web,Star Trek Online  - ABC Software GmbH - CH (French) Retail Items FR (Promo Card),StarTrek,PRD-STO-R-DE-ABCSoftwareFR,"loc:""fr"":""Star Trek Online - In game items"":"" ""","loc:""en-US"":""Star Trek Online - In game items"":"" ""","loc:""de"":""Star Trek Online - In game items"":"" ""","loc:""es"":""Star Trek Online - In game items"":"" ""","loc:""it"":""Star Trek Online - In game items"":"" """
pc-sto-web,,StarTrek,PRD-STO-DR-Metaboli,"loc:""de"":""Star Trek Online - Digital Retail"":"" ""","loc:""en-US"":""Star Trek Online - Digital Retail"":"" ""","loc:""fr"":""Star Trek Online - Digital Retail"":"" ""","loc:""es"":""Star Trek Online - Digital Retail"":"" ""","loc:""it"":""Star Trek Online - Digital Retail"":"" """
pc-sto-web,Stardock – Digital Retail,StarTrek,PRD-STO-DR-Stardock,"loc:""de"":""Star Trek Online - Digital Retail"":"" ""","loc:""en-US"":""Star Trek Online - Digital Retail"":"" ""","loc:""fr"":""Star Trek Online - Digital Retail"":"" ""","loc:""es"":""Star Trek Online - Digital Retail"":"" ""","loc:""it"":""Star Trek Online - Digital Retail"":"" """
pc-sto-web,Star Trek Online  - Best Buy Retail Edition,StarTrek,PRD-STO-R-US-BestBuy,"loc:""de"":""Star Trek Online - Retail"":"" ""","loc:""en-US"":""Star Trek Online - Retail"":"" ""","loc:""fr"":""Star Trek Online - Retail"":"" ""","loc:""es"":""Star Trek Online - Retail"":"" ""","loc:""it"":""Star Trek Online - Retail"":"" """
pc-sto-web,Lifetime with Retail for VIPs,StarTrek,PRD-STO-PR-Lifetime,"loc:""de"":""Star Trek Online"":"" ""","loc:""en-US"":""Star Trek Online"":"" ""","loc:""fr"":""Star Trek Online"":"" ""","loc:""es"":""Star Trek Online"":"" ""","loc:""it"":""Star Trek Online"":"" """
pc-sto-web,,StarTrek,PRD-STO-DR-DD-D2D,"loc:""de"":""Star Trek Online - Digital Deluxe"":"" ""","loc:""en-US"":""Star Trek Online - Digital Deluxe"":"" ""","loc:""fr"":""Star Trek Online - Digital Deluxe"":"" ""","loc:""es"":""Star Trek Online - Digital Deluxe"":"" ""","loc:""it"":""Star Trek Online - Digital Deluxe"":"" """
pc-sto-web,Star Trek Online  - Game Retail Items ES (Promo Card),StarTrek,PRD-STO-R-ES-Game,"loc:""fr"":""Star Trek Online - In game items"":"" ""","loc:""en-US"":""Star Trek Online - In game items"":"" ""","loc:""de"":""Star Trek Online - In game items"":"" ""","loc:""es"":""Star Trek Online - In game items"":"" ""","loc:""it"":""Star Trek Online - In game items"":"" """
pc-sto-web,Star Trek Online  - 12Game.com Retail Edition BL (Promo Card),StarTrek,PRD-STO-R-BL-12Game,"loc:""de"":""Star Trek Online - In game items"":"" ""","loc:""en-US"":""Star Trek Online - In game items"":"" ""","loc:""fr"":""Star Trek Online - In game items"":"" ""","loc:""es"":""Star Trek Online - In game items"":"" ""","loc:""it"":""Star Trek Online - In game items"":"" """
pc-sto-web,Star Trek Online  - Lifetime,StarTrek,PRD-STO-R-Lifetime,"loc:""de"":""Startrek Online Lifetime Subscription"":"" ""","loc:""en-US"":""Startrek Online Lifetime Subscription"":"" ""","loc:""fr"":""Startrek Online Lifetime Subscription"":"" ""","loc:""es"":""Startrek Online Lifetime Subscription"":"" ""","loc:""it"":""Startrek Online Lifetime Subscription"":"" """
pc-sto-web,Star Trek Online  - ABC Software GmbH - CH (German) Retail Items DE (Promo Card),StarTrek,PRD-STO-R-DE-ABCSoftwareDE,"loc:""fr"":""Star Trek Online - In game items"":"" ""","loc:""en-US"":""Star Trek Online - In game items"":"" ""","loc:""de"":""Star Trek Online - In game items"":"" ""","loc:""es"":""Star Trek Online - In game items"":"" ""","loc:""it"":""Star Trek Online - In game items"":"" """
pc-sto-web,Star Trek Online  - Retail Collectors Edition,StarTrek,PRD-STO-CE,"loc:""de"":""Star Trek Online  - Retail Collectors Edition"":"" ""","loc:""en-US"":""Star Trek Online  - Retail Collectors Edition"":"" ""","loc:""fr"":""Star Trek Online  - Retail Collectors Edition"":"" ""","loc:""es"":""Star Trek Online  - Retail Collectors Edition"":"" ""","loc:""it"":""Star Trek Online  - Retail Collectors Edition"":"" """
pc-sto-web,,StarTrek,PRD-STO-DR-Steam,"loc:""de"":""Star Trek Online - Digital Retail"":"" ""","loc:""en-US"":""Star Trek Online - Digital Retail"":"" ""","loc:""fr"":""Star Trek Online - Digital Retail"":"" ""","loc:""es"":""Star Trek Online - Digital Retail"":"" ""","loc:""it"":""Star Trek Online - Digital Retail"":"" """
pc-sto-web,Del Taco Trial Product,StarTrek,PRD-STO-PR-DelTacoDays-4,"loc:""de"":""Star Trek Online - Del Taco Trial Days"":"" ""","loc:""en-US"":""Star Trek Online - Del Taco Trial Days"":"" ""","loc:""fr"":""Star Trek Online - Del Taco Trial Days"":"" ""","loc:""es"":""Star Trek Online - Del Taco Trial Days"":"" ""","loc:""it"":""Star Trek Online - Del Taco Trial Days"":"" """
pc-sto-web,Del Taco cup promotion,StarTrek,PRD-STO-PR-DelTacoBatchA,"loc:""de"":""Star Trek Online Del Taco Promotion A"":"" ""","loc:""en-US"":""Star Trek Online Del Taco Promotion A"":"" ""","loc:""fr"":""Star Trek Online Del Taco Promotion A"":"" ""","loc:""es"":""Star Trek Online Del Taco Promotion A"":"" ""","loc:""it"":""Star Trek Online Del Taco Promotion A"":"" """
pc-sto-web,Star Trek Online  - Digital Retail Edition,StarTrek,PRD-STO-DR,"loc:""fr"":""Star Trek Online - Digital Retail"":"" ""","loc:""en-US"":""Star Trek Online - Digital Retail"":"" ""","loc:""de"":""Star Trek Online - Digital Retail"":"" ""","loc:""es"":""Star Trek Online - Digital Retail"":"" ""","loc:""it"":""Star Trek Online - Digital Retail"":"" """
pc-sto-web,Star Trek Online - Retail Items for FR Micromania (Promo Card),StarTrek,PRD-STO-R-FR-Micromania,"loc:""de"":""Star Trek Online - In game items"":"" ""","loc:""en-US"":""Star Trek Online - In game items"":"" ""","loc:""fr"":""Star Trek Online - In game items"":"" ""","loc:""es"":""Star Trek Online - In game items"":"" ""","loc:""it"":""Star Trek Online - In game items"":"" """
pc-sto-web,,StarTrek,PRD-STO-PRE-ZA,"loc:""de"":""Star Trek Online - Preorder"":"" ""","loc:""en-US"":""Star Trek Online - Preorder"":"" ""","loc:""fr"":""Star Trek Online - Preorder"":"" ""","loc:""es"":""Star Trek Online - Preorder"":"" ""","loc:""it"":""Star Trek Online - Preorder"":"" """
pc-sto-web,Star Trek Online  - Nexway Preorder,StarTrek,PRD-CO-PO,"loc:""fr"":""Star Trek Online - Preorder"":"" ""","loc:""en-US"":""Star Trek Online - Preorder"":"" ""","loc:""de"":""Star Trek Online - Preorder"":"" ""","loc:""es"":""Star Trek Online - Preorder"":"" ""","loc:""it"":""Star Trek Online - Preorder"":"" """
pc-sto-web,STO VIPs,StarTrek,PRD-STO-B-24x7-VIP,"loc:""fr"":""Star Trek Online"":"" ""","loc:""en-US"":""Star Trek Online"":"" ""","loc:""de"":""Star Trek Online"":"" ""","loc:""es"":""Star Trek Online"":"" ""","loc:""it"":""Star Trek Online"":"" """
pc-sto-web,STO Digital Retail Key Purchase,StarTrek,PRD-STO-DR-Cryptic,"loc:""de"":""Star Trek Online - Digital Retail"":"" ""","loc:""en-US"":""Star Trek Online - Digital Retail"":"" ""","loc:""fr"":""Star Trek Online - Digital Retail"":"" ""","loc:""es"":""Star Trek Online - Digital Retail"":"" ""","loc:""it"":""Star Trek Online - Digital Retail"":"" """
pc-sto-web,Star Trek Online  - Nexway – Digital Collector’s Edition,StarTrek,PRD-STO-DR-CE-Nexway,"loc:""de"":""Star Trek Online - Digital Collectors Edition"":"" ""","loc:""en-US"":""Star Trek Online - Digital Collectors Edition"":"" ""","loc:""fr"":""Star Trek Online - Digital Collectors Edition"":"" ""","loc:""es"":""Star Trek Online - Digital Collectors Edition"":"" ""","loc:""it"":""Star Trek Online - Digital Collectors Edition"":"" """
pc-sto-web,,StarTrek,PRD-STO-PRE-TR,"loc:""de"":""Star Trek Online - Preorder"":"" ""","loc:""en-US"":""Star Trek Online - Preorder"":"" ""","loc:""fr"":""Star Trek Online - Preorder"":"" ""","loc:""es"":""Star Trek Online - Preorder"":"" ""","loc:""it"":""Star Trek Online - Preorder"":"" """
pc-sto-web,Star Trek Online  - Gamestation Retail Items UK (Promo Card),StarTrek,PRD-STO-R-UK-Gamestation,"loc:""de"":""Star Trek Online - In game items"":"" ""","loc:""en-US"":""Star Trek Online - In game items"":"" ""","loc:""fr"":""Star Trek Online - In game items"":"" ""","loc:""es"":""Star Trek Online - In game items"":"" ""","loc:""it"":""Star Trek Online - In game items"":"" """
pc-sto-web,,StarTrek,PRD-STO-DR -Gamersgate,"loc:""de"":""Star Trek Online - Digital Retail"":"" ""","loc:""en-US"":""Star Trek Online - Digital Retail"":"" ""","loc:""fr"":""Star Trek Online - Digital Retail"":"" ""","loc:""es"":""Star Trek Online - Digital Retail"":"" ""","loc:""it"":""Star Trek Online - Digital Retail"":"" """
pc-sto-web,,StarTrek,PRD-STO-R-TR,"loc:""de"":""Star Trek Online - Retail"":"" ""","loc:""en-US"":""Star Trek Online - Retail"":"" ""","loc:""fr"":""Star Trek Online - Retail"":"" ""","loc:""es"":""Star Trek Online - Retail"":"" ""","loc:""it"":""Star Trek Online - Retail"":"" """
pc-sto-web,Star Trek Online  - Digital Retail Collectors Edition,StarTrek,PRD-STO-DR-CE,"loc:""de"":""Star Trek Online - Digital Collector's Edition"":"" ""","loc:""en-US"":""Star Trek Online - Digital Collector's Edition"":"" ""","loc:""fr"":""Star Trek Online - Digital Collector's Edition"":"" ""","loc:""es"":""Star Trek Online - Digital Collector's Edition"":"" ""","loc:""it"":""Star Trek Online - Digital Collector's Edition"":"" """
pc-sto-web,,StarTrek,PRD-STO-DR-DD-Tonline,"loc:""de"":""Star Trek Online - Digital Deluxe"":"" ""","loc:""en-US"":""Star Trek Online - Digital Deluxe"":"" ""","loc:""fr"":""Star Trek Online - Digital Deluxe"":"" ""","loc:""es"":""Star Trek Online - Digital Deluxe"":"" ""","loc:""it"":""Star Trek Online - Digital Deluxe"":"" """
pc-sto-web,,StarTrek,PRD-STO-DR-DigitalRiver,"loc:""de"":""Star Trek Online - Digital Retail"":"" ""","loc:""en-US"":""Star Trek Online - Digital Retail"":"" ""","loc:""fr"":""Star Trek Online - Digital Retail"":"" ""","loc:""es"":""Star Trek Online - Digital Retail"":"" ""","loc:""it"":""Star Trek Online - Digital Retail"":"" """
pc-sto-web,Star Trek Digital Deluxe Copy,StarTrek,PRD-STO-Store-DR-Cryptic-DD,"loc:""de"":""Star Trek Online Digital Deluxe Retail Key"":"" ""","loc:""en-US"":""Star Trek Online Digital Deluxe Retail Key"":"" ""","loc:""fr"":""Star Trek Online Digital Deluxe Retail Key"":"" ""","loc:""es"":""Star Trek Online Digital Deluxe Retail Key"":"" ""","loc:""it"":""Star Trek Online Digital Deluxe Retail Key"":"" """
pc-sto-web,,StarTrek,PRD-STO-DR-DD-DigitalRiver,"loc:""de"":""Star Trek Online - Digital Deluxe"":"" ""","loc:""en-US"":""Star Trek Online - Digital Deluxe"":"" ""","loc:""fr"":""Star Trek Online - Digital Deluxe"":"" ""","loc:""es"":""Star Trek Online - Digital Deluxe"":"" ""","loc:""it"":""Star Trek Online - Digital Deluxe"":"" """
pc-sto-web,Star Trek Online - Retail Items for AUS Game (Promo Card),StarTrek,PRD-STO-R-AUS-Game,"loc:""de"":""Star Trek Online - In game items"":"" ""","loc:""en-US"":""Star Trek Online - In game items"":"" ""","loc:""fr"":""Star Trek Online - In game items"":"" ""","loc:""es"":""Star Trek Online - In game items"":"" ""","loc:""it"":""Star Trek Online - In game items"":"" """
pc-sto-web,STO Public Test Shard,startrek,PRD-STO-T,"loc:""fr"":""Star Trek Online Public Test Shard"":"" ""","loc:""en-US"":""Star Trek Online Public Test Shard"":"" ""","loc:""de"":""Star Trek Online Public Test Shard"":"" ""","loc:""es"":""Star Trek Online Public Test Shard"":"" ""","loc:""it"":""Star Trek Online Public Test Shard"":"" """
pc-sto-web,Star Trek Online - Retail Items for FR Amazon (Promo Card),StarTrek,PRD-STO-R-FR-Amazon,"loc:""de"":""Star Trek Online - In game items"":"" ""","loc:""en-US"":""Star Trek Online - In game items"":"" ""","loc:""fr"":""Star Trek Online - In game items"":"" ""","loc:""es"":""Star Trek Online - In game items"":"" ""","loc:""it"":""Star Trek Online - In game items"":"" """
pc-sto-web,Star Trek Online  - Platekompaniet Retail Items ND (Promo Card),StarTrek,PRD-STO-R-ND-Platekompaniet,"loc:""de"":""Star Trek Online - In game items"":"" ""","loc:""en-US"":""Star Trek Online - In game items"":"" ""","loc:""fr"":""Star Trek Online - In game items"":"" ""","loc:""es"":""Star Trek Online - In game items"":"" ""","loc:""it"":""Star Trek Online - In game items"":"" """
pc-sto-web,TOS Uniforms,StarTrek,PRD-STO-M-CP-TOS,"loc:""de"":""Star Trek Original Series Uniform"":"" ""","loc:""en-US"":""Star Trek Original Series Uniform"":"" ""","loc:""fr"":""Star Trek Original Series Uniform"":"" ""","loc:""es"":""Star Trek Original Series Uniform"":"" ""","loc:""it"":""Star Trek Original Series Uniform"":"" """
pc-sto-web,Star Trek Online  - Gamezone Retail Items ND (Promo Card),StarTrek,PRD-STO-R-ND-Gamezone,"loc:""de"":""Star Trek Online - In game items"":"" ""","loc:""en-US"":""Star Trek Online - In game items"":"" ""","loc:""fr"":""Star Trek Online - In game items"":"" ""","loc:""es"":""Star Trek Online - In game items"":"" ""","loc:""it"":""Star Trek Online - In game items"":"" """
pc-sto-web,Star Trek Online - Retail Items for AUS JBJiFi (Promo Card),StarTrek,PRD-STO-R-AUS-JBJiFi,"loc:""de"":""Star Trek Online - In game items"":"" ""","loc:""en-US"":""Star Trek Online - In game items"":"" ""","loc:""fr"":""Star Trek Online - In game items"":"" ""","loc:""es"":""Star Trek Online - In game items"":"" ""","loc:""it"":""Star Trek Online - In game items"":"" """
pc-sto-web,Star Trek Online  - Blockbuster Retail Items ND (Promo Card),StarTrek,PRD-STO-R-ND-Blockbuster,"loc:""de"":""Star Trek Online - In game items"":"" ""","loc:""en-US"":""Star Trek Online - In game items"":"" ""","loc:""fr"":""Star Trek Online - In game items"":"" ""","loc:""es"":""Star Trek Online - In game items"":"" ""","loc:""it"":""Star Trek Online - In game items"":"" """
pc-sto-web,Star Trek Online - Retail Items for FR Game (Promo Card),StarTrek,PRD-STO-R-FR-Game,"loc:""de"":""Star Trek Online - In game items"":"" ""","loc:""en-US"":""Star Trek Online - In game items"":"" ""","loc:""fr"":""Star Trek Online - In game items"":"" ""","loc:""es"":""Star Trek Online - In game items"":"" ""","loc:""it"":""Star Trek Online - In game items"":"" """
pc-sto-web,Star Trek Online  - GameStop Retail Edition,StarTrek,PRD-STO-R-US-GameStop,"loc:""fr"":""Star Trek Online - Retail"":"" ""","loc:""en-US"":""Star Trek Online - Retail"":"" ""","loc:""de"":""Star Trek Online - Retail"":"" ""","loc:""es"":""Star Trek Online - Retail"":"" ""","loc:""it"":""Star Trek Online - Retail"":"" """
pc-sto-web,,StarTrek,PRD-STO-DR-CE-Gametap,"loc:""de"":""Star Trek Online - Digital Collector's Edition"":"" ""","loc:""en-US"":""Star Trek Online - Digital Collector's Edition"":"" ""","loc:""fr"":""Star Trek Online - Digital Collector's Edition"":"" ""","loc:""es"":""Star Trek Online - Digital Collector's Edition"":"" ""","loc:""it"":""Star Trek Online - Digital Collector's Edition"":"" """
pc-sto-web,Star Trek Online  - Amazon Retail Edition,StarTrek,PRD-STO-R-US-Amazon,"loc:""fr"":""Star Trek Online - Retail"":"" ""","loc:""en-US"":""Star Trek Online - Retail"":"" ""","loc:""de"":""Star Trek Online - Retail"":"" ""","loc:""es"":""Star Trek Online - Retail"":"" ""","loc:""it"":""Star Trek Online - Retail"":"" """
pc-sto-web,Promotional 400 Points Bundle,StarTrek,PRD-PR-CrypticPoints400,"loc:""de"":""	400 Cryptic Point promotion"":"" ""","loc:""en-US"":""400 Cryptic Point promotion"":"" ""","loc:""fr"":""	400 Cryptic Point promotion"":"" ""","loc:""es"":""400 Cryptic Point promotion"":"" ""","loc:""it"":""400 Cryptic Point promotion"":"" """
pc-sto-web,Del Taco Trial Product,StarTrek,PRD-STO-PR-DelTacoDays-8,"loc:""de"":""Star Trek Online - Del Taco Trial Days"":"" ""","loc:""en-US"":""Star Trek Online - Del Taco Trial Days"":"" ""","loc:""fr"":""Star Trek Online - Del Taco Trial Days"":"" ""","loc:""es"":""Star Trek Online - Del Taco Trial Days"":"" ""","loc:""it"":""Star Trek Online - Del Taco Trial Days"":"" """
pc-sto-web,Star Trek Online  - CD.On Retail Items ND (Promo Card),StarTrek,PRD-STO-R-ND-CDOn,"loc:""fr"":""Star Trek Online - In game items"":"" ""","loc:""en-US"":""Star Trek Online - In game items"":"" ""","loc:""de"":""Star Trek Online - In game items"":"" ""","loc:""es"":""Star Trek Online - In game items"":"" ""","loc:""it"":""Star Trek Online - In game items"":"" """
pc-sto-web,Star Trek Online  - Gamestop Retail Items ES (Promo Card),StarTrek,PRD-STO-R-ES-Gamestop,"loc:""de"":""Star Trek Online - In game items"":"" ""","loc:""en-US"":""Star Trek Online - In game items"":"" ""","loc:""fr"":""Star Trek Online - In game items"":"" ""","loc:""es"":""Star Trek Online - In game items"":"" ""","loc:""it"":""Star Trek Online - In game items"":"" """
pc-sto-web,Star Trek Online  - GameStop Retail Items DE (Promo Card),StarTrek,PRD-STO-R-DE-GameStop,"loc:""de"":""Star Trek Online - In game items"":"" ""","loc:""en-US"":""Star Trek Online - In game items"":"" ""","loc:""fr"":""Star Trek Online - In game items"":"" ""","loc:""es"":""Star Trek Online - In game items"":"" ""","loc:""it"":""Star Trek Online - In game items"":"" """
pc-sto-web,Star Trek Online  - Best Buy Retail Edition,StarTrek,PRD-STO-R-US-Best Buy,"loc:""fr"":""Star Trek Online - Retail"":"" ""","loc:""en-US"":""Star Trek Online - Retail"":"" ""","loc:""de"":""Star Trek Online - Retail"":"" ""","loc:""es"":""Star Trek Online - Retail"":"" ""","loc:""it"":""Star Trek Online - Retail"":"" """
pc-sto-web,Star Trek Online  - Retail Edition,StarTrek,PRD-STO-R-US,"loc:""de"":""Star Trek Online  - Retail Edition"":"" ""","loc:""en-US"":""Star Trek Online  - Retail Edition"":"" ""","loc:""fr"":""Star Trek Online  - Retail Edition"":"" ""","loc:""es"":""Star Trek Online  - Retail Edition"":"" ""","loc:""it"":""Star Trek Online  - Retail Edition"":"" """
pc-sto-web,,StarTrek,PRD-STO-DR-CE-Metaboli,"loc:""de"":""Star Trek Online - Digital Collector's Edition"":"" ""","loc:""en-US"":""Star Trek Online - Digital Collector's Edition"":"" ""","loc:""fr"":""Star Trek Online - Digital Collector's Edition"":"" ""","loc:""es"":""Star Trek Online - Digital Collector's Edition"":"" ""","loc:""it"":""Star Trek Online - Digital Collector's Edition"":"" """
pc-sto-web,Star Trek Online  - Game Retail Items ND (Promo Card),StarTrek,PRD-STO-R-ND-Game,"loc:""de"":""Star Trek Online - In game items"":"" ""","loc:""en-US"":""Star Trek Online - In game items"":"" ""","loc:""fr"":""Star Trek Online - In game items"":"" ""","loc:""es"":""Star Trek Online - In game items"":"" ""","loc:""it"":""Star Trek Online - In game items"":"" """
pc-sto-web,Del Taco cup promotion,StarTrek,PRD-STO-PR-DelTacoBatchD,"loc:""de"":""Star Trek Online Del Taco Promotion D"":"" ""","loc:""en-US"":""Star Trek Online Del Taco Promotion D"":"" ""","loc:""fr"":""Star Trek Online Del Taco Promotion D"":"" ""","loc:""es"":""Star Trek Online Del Taco Promotion D"":"" ""","loc:""it"":""Star Trek Online Del Taco Promotion D"":"" """
pc-sto-web,Star Trek Online  - EU Retail Edition,StarTrek,PRD-STO-R-EU,"loc:""de"":""Star Trek Online - Retail"":"" ""","loc:""en-US"":""Star Trek Online - Retail"":"" ""","loc:""fr"":""Star Trek Online - Retail"":"" ""","loc:""es"":""Star Trek Online - Retail"":"" ""","loc:""it"":""Star Trek Online - Retail"":"" """
pc-sto-web,,StarTrek,PRD-STO-DR-D2D,"loc:""de"":""Star Trek Online - Digital Retail"":"" ""","loc:""en-US"":""Star Trek Online - Digital Retail"":"" ""","loc:""fr"":""Star Trek Online - Digital Retail"":"" ""","loc:""es"":""Star Trek Online - Digital Retail"":"" ""","loc:""it"":""Star Trek Online - Digital Retail"":"" """
pc-sto-web,Star Trek Online  - Best Buy Collectors Edition,StarTrek,PRD-STO-CE-BestBuy,"loc:""de"":""Star Trek Online - Collector's Edition"":"" ""","loc:""en-US"":""Star Trek Online - Collector's Edition"":"" ""","loc:""fr"":""Star Trek Online - Collector's Edition"":"" ""","loc:""es"":""Star Trek Online - Collector's Edition"":"" ""","loc:""it"":""Star Trek Online - Collector's Edition"":"" """
pc-sto-web,,StarTrek,PRD-STO-DR-DD-Steam,"loc:""de"":""Star Trek Online - Digital Deluxe"":"" ""","loc:""en-US"":""Star Trek Online - Digital Deluxe"":"" ""","loc:""fr"":""Star Trek Online - Digital Deluxe"":"" ""","loc:""es"":""Star Trek Online - Digital Deluxe"":"" ""","loc:""it"":""Star Trek Online - Digital Deluxe"":"" """
pc-sto-web,,StarTrek,PRD-STO-DR-DD-RealNetwork,"loc:""de"":""Star Trek Online - Digital Deluxe"":"" ""","loc:""en-US"":""Star Trek Online - Digital Deluxe"":"" ""","loc:""fr"":""Star Trek Online - Digital Deluxe"":"" ""","loc:""es"":""Star Trek Online - Digital Deluxe"":"" ""","loc:""it"":""Star Trek Online - Digital Deluxe"":"" """
pc-sto-web,Star Trek Online  - Elektronik Retail Items DE (Promo Card),StarTrek,PRD-STO-R-DE-Elektronik,"loc:""de"":""Star Trek Online - In game items"":"" ""","loc:""en-US"":""Star Trek Online - In game items"":"" ""","loc:""fr"":""Star Trek Online - In game items"":"" ""","loc:""es"":""Star Trek Online - In game items"":"" ""","loc:""it"":""Star Trek Online - In game items"":"" """
pc-sto-web,Star Trek Online  - Amazon Retail Items DE (Promo Card),StarTrek,PRD-STO-R-DE-Amazon,"loc:""de"":""Star Trek Online - In game items"":"" ""","loc:""en-US"":""Star Trek Online - In game items"":"" ""","loc:""fr"":""Star Trek Online - In game items"":"" ""","loc:""es"":""Star Trek Online - In game items"":"" ""","loc:""it"":""Star Trek Online - In game items"":"" """
pc-sto-web,Star Trek Online  - Austria Retail Items DE (Promo Card),StarTrek,PRD-STO-R-DE-Austria,"loc:""de"":""Star Trek Online - In game items"":"" ""","loc:""en-US"":""Star Trek Online - In game items"":"" ""","loc:""fr"":""Star Trek Online - In game items"":"" ""","loc:""es"":""Star Trek Online - In game items"":"" ""","loc:""it"":""Star Trek Online - In game items"":"" """
pc-sto-web,Stardock – Digital Collector’s Edition,StarTrek,PRD-STO-DR-CE-Stardock,"loc:""de"":""Star Trek Online - Digital Collector's Edition"":"" ""","loc:""en-US"":""Star Trek Online - Digital Collector's Edition"":"" ""","loc:""fr"":""Star Trek Online - Digital Collector's Edition"":"" ""","loc:""es"":""Star Trek Online - Digital Collector's Edition"":"" ""","loc:""it"":""Star Trek Online - Digital Collector's Edition"":"" """
pc-sto-web,Star Trek Online  - Webbhalen Retail Items ND (Promo Card),StarTrek,PRD-STO-R-ND-Webbhalen,"loc:""de"":""Star Trek Online - In game items"":"" ""","loc:""en-US"":""Star Trek Online - In game items"":"" ""","loc:""fr"":""Star Trek Online - In game items"":"" ""","loc:""es"":""Star Trek Online - In game items"":"" ""","loc:""it"":""Star Trek Online - In game items"":"" """
pc-sto-web,STO Digital Deluxe Retail Key Purchase,StarTrek,PRD-STO-DR-DD-Cryptic,"loc:""de"":""Star Trek Online - Digital Deluxe"":"" ""","loc:""en-US"":""Star Trek Online - Digital Deluxe"":"" ""","loc:""fr"":""Star Trek Online - Digital Deluxe"":"" ""","loc:""es"":""Star Trek Online - Digital Deluxe"":"" ""","loc:""it"":""Star Trek Online - Digital Deluxe"":"" """
pc-sto-web,Star Trek Online  - Play.com Retail Items UK (Promo Card),StarTrek,PRD-STO-R-UK-Playcom,"loc:""de"":""Star Trek Online - In game items"":"" ""","loc:""en-US"":""Star Trek Online - In game items"":"" ""","loc:""fr"":""Star Trek Online - In game items"":"" ""","loc:""es"":""Star Trek Online - In game items"":"" ""","loc:""it"":""Star Trek Online - In game items"":"" """
pc-sto-web,STO Generic for Subscriptions,StarTrek,PRD-STO,"loc:""de"":""Star Trek Online Retail"":"" ""","loc:""en-US"":""Star Trek Online Retail"":"" ""","loc:""fr"":""Star Trek Online Retail"":"" ""","loc:""es"":""Star Trek Online Retail"":"" ""","loc:""it"":""Star Trek Online Retail"":"" """
pc-sto-web,Star Trek Online  - Retail Canada,StarTrek,PRD-STO-R-CA,"loc:""fr"":""	Star Trek Online - Retail"":"" ""","loc:""en-US"":""	Star Trek Online - Retail"":"" ""","loc:""de"":""	Star Trek Online - Retail"":"" ""","loc:""es"":""	Star Trek Online - Retail"":"" ""","loc:""it"":""	Star Trek Online - Retail"":"" """
pc-sto-web,Star Trek Online  - Game Retail Items UK (Promo Card),StarTrek,PRD-STO-R-UK-Game,"loc:""de"":""Star Trek Online - In game items"":"" ""","loc:""en-US"":""Star Trek Online - In game items"":"" ""","loc:""fr"":""Star Trek Online - In game items"":"" ""","loc:""es"":""Star Trek Online - In game items"":"" ""","loc:""it"":""Star Trek Online - In game items"":"" """
pc-sto-web,Star Trek Online  - Target Retail Edition,StarTrek,PRD-STO-R-US-Target,"loc:""de"":""Star Trek Online - Retail"":"" ""","loc:""en-US"":""Star Trek Online - Retail"":"" ""","loc:""fr"":""Star Trek Online - Retail"":"" ""","loc:""es"":""Star Trek Online - Retail"":"" ""","loc:""it"":""Star Trek Online - Retail"":"" """
pc-sto-web,,StarTrek,PRD-STO-DR-DD-Gamersgate,"loc:""de"":""Star Trek Online - Digital Deluxe"":"" ""","loc:""en-US"":""Star Trek Online - Digital Deluxe"":"" ""","loc:""fr"":""Star Trek Online - Digital Deluxe"":"" ""","loc:""es"":""Star Trek Online - Digital Deluxe"":"" ""","loc:""it"":""Star Trek Online - Digital Deluxe"":"" """
pc-sto-web,Star Trek Online  - Amazon Collectors Edition,StarTrek,PRD-STO-CE-Amazon,"loc:""fr"":""Star Trek Online - Collector's Edition"":"" ""","loc:""en-US"":""Star Trek Online - Collector's Edition"":"" ""","loc:""de"":""Star Trek Online - Collector's Edition"":"" ""","loc:""es"":""Star Trek Online - Collector's Edition"":"" ""","loc:""it"":""Star Trek Online - Collector's Edition"":"" """
pc-sto-web,Grant 500 sp product,StarTrek,PRD-STO-M-GR-BonusSkillPoints,"loc:""de"":""Star Trek Online - 500 skill points"":"" ""","loc:""en-US"":""Star Trek Online - 500 skill points"":"" ""","loc:""fr"":""Star Trek Online - 500 skill points"":"" ""","loc:""es"":""Star Trek Online - 500 skill points"":"" ""","loc:""it"":""Star Trek Online - 500 skill points"":"" """
pc-sto-web,Star Trek Online  - Spaceworld Retail Items ND (Promo Card),StarTrek,PRD-STO-R-ND-Spaceworld,"loc:""fr"":""Star Trek Online - In game items"":"" ""","loc:""en-US"":""Star Trek Online - In game items"":"" ""","loc:""de"":""Star Trek Online - In game items"":"" ""","loc:""es"":""Star Trek Online - In game items"":"" ""","loc:""it"":""Star Trek Online - In game items"":"" """
pc-sto-web,,StarTrek,PRD-STO-DR-Tonline,"loc:""de"":""Star Trek Online - Digital Retail"":"" ""","loc:""en-US"":""Star Trek Online - Digital Retail"":"" ""","loc:""fr"":""Star Trek Online - Digital Retail"":"" ""","loc:""es"":""Star Trek Online - Digital Retail"":"" ""","loc:""it"":""Star Trek Online - Digital Retail"":"" """
pc-sto-web,Star Trek Online  - Nexway – Digital Retail,StarTrek,PRD-STO-DR-Nexway,"loc:""de"":""Star Trek Online - Digital Retail"":"" ""","loc:""en-US"":""Star Trek Online - Digital Retail"":"" ""","loc:""fr"":""Star Trek Online - Digital Retail"":"" ""","loc:""es"":""Star Trek Online - Digital Retail"":"" ""","loc:""it"":""Star Trek Online - Digital Retail"":"" """
pc-sto-web,STO Game Card 90 Days Digital,StarTrek,PRD-STO-DR-90dayGameTime,"loc:""fr"":""Star Trek Online Game Card - 91 days"":"" ""","loc:""en-US"":""Star Trek Online Game Card - 91 days"":"" ""","loc:""de"":""Star Trek Online Game Card - 91 days"":"" ""","loc:""es"":""Star Trek Online Game Card - 91 days"":"" ""","loc:""it"":""Star Trek Online Game Card - 91 days"":"" """
pc-sto-web,,StarTrek,PRD-STO-DR-Gametap,"loc:""de"":""Star Trek Online - Digital Retail"":"" ""","loc:""en-US"":""Star Trek Online - Digital Retail"":"" ""","loc:""fr"":""Star Trek Online - Digital Retail"":"" ""","loc:""es"":""Star Trek Online - Digital Retail"":"" ""","loc:""it"":""Star Trek Online - Digital Retail"":"" """
pc-sto-web,Star Trek Online  - HMV Retail Items UK (Promo Card),StarTrek,PRD-STO-R-UK-HMV,"loc:""de"":""Star Trek Online - In game items"":"" ""","loc:""en-US"":""Star Trek Online - In game items"":"" ""","loc:""fr"":""Star Trek Online - In game items"":"" ""","loc:""es"":""Star Trek Online - In game items"":"" ""","loc:""it"":""Star Trek Online - In game items"":"" """
pc-sto-web,Star Trek Online - SyFy Digital edition,StarTrek,PRD-STO-DR-SyFy,"loc:""de"":""Star Trek Online - Digital Retail"":"" ""","loc:""en-US"":""Star Trek Online - Digital Retail"":"" ""","loc:""fr"":""Star Trek Online - Digital Retail"":"" ""","loc:""es"":""Star Trek Online - Digital Retail"":"" ""","loc:""it"":""Star Trek Online - Digital Retail"":"" """
pc-sto-web,Wrath of Kahn uniform from BluRay release,StarTrek,PRD-STO-BluRayKahnUni,"loc:""fr"":""Wrath of Khan Admiral's Uniform"":"" ""","loc:""en-US"":""Wrath of Khan Admiral's Uniform"":"" ""","loc:""de"":""Wrath of Khan Admiral's Uniform"":"" ""","loc:""es"":""Wrath of Khan Admiral's Uniform"":"" ""","loc:""it"":""Wrath of Khan Admiral's Uniform"":"" """
pc-sto-web,,StarTrek,PRD-STO-DR-RealNetwork,"loc:""de"":""Star Trek Online - Digital Retail"":"" ""","loc:""en-US"":""Star Trek Online - Digital Retail"":"" ""","loc:""fr"":""Star Trek Online - Digital Retail"":"" ""","loc:""es"":""Star Trek Online - Digital Retail"":"" ""","loc:""it"":""Star Trek Online - Digital Retail"":"" """
pc-sto-web,,StarTrek,PRD-STO-R-ZA,"loc:""fr"":""Star Trek Online - Retail"":"" ""","loc:""en-US"":""Star Trek Online - Retail"":"" ""","loc:""de"":""Star Trek Online - Retail"":"" ""","loc:""es"":""Star Trek Online - Retail"":"" ""","loc:""it"":""Star Trek Online - Retail"":"" """
pc-sto-web,Star Trek Online  - EU Gold Edition,StarTrek,PRD-STO-R-CE-EU,"loc:""fr"":""Star Trek Online - Gold Edition"":"" ""","loc:""en-US"":""Star Trek Online - Gold Edition"":"" ""","loc:""de"":""Star Trek Online - Gold Edition"":"" ""","loc:""es"":""Star Trek Online - Gold Edition"":"" ""","loc:""it"":""Star Trek Online - Gold Edition"":"" """
pc-sto-web,Star Trek Online Game Card 60 Days,StarTrek,PRD-STO-GC-60Day,"loc:""fr"":""Star Trek Online Game Card 60 Days"":"" ""","loc:""en-US"":""Star Trek Online Game Card 60 Days"":"" ""","loc:""de"":""Star Trek Online Game Card 60 Days"":"" ""","loc:""es"":""Star Trek Online Game Card 60 Days"":"" ""","loc:""it"":""Star Trek Online Game Card 60 Days"":"" """
pc-sto-web,Star Trek Online  - Amazon Retail Items UK (Promo Card),StarTrek,PRD-STO-R-UK-Amazon,"loc:""de"":""Star Trek Online - In game items"":"" ""","loc:""en-US"":""Star Trek Online - In game items"":"" ""","loc:""fr"":""Star Trek Online - In game items"":"" ""","loc:""es"":""Star Trek Online - In game items"":"" ""","loc:""it"":""Star Trek Online - In game items"":"" """
pc-sto-web,Del Taco Trial Product,StarTrek,PRD-STO-PR-DelTacoDays-10,"loc:""de"":""Star Trek Online - Del Taco Trial Days"":"" ""","loc:""en-US"":""Star Trek Online - Del Taco Trial Days"":"" ""","loc:""fr"":""Star Trek Online - Del Taco Trial Days"":"" ""","loc:""es"":""Star Trek Online - Del Taco Trial Days"":"" ""","loc:""it"":""Star Trek Online - Del Taco Trial Days"":"" """
pc-sto-web,Star Trek Online  - Game Stop Collectors Edition,StarTrek,PRD-STO-CE-GameStop,"loc:""de"":""Star Trek Online - Collector's Edition"":"" ""","loc:""en-US"":""Star Trek Online - Collector's Edition"":"" ""","loc:""fr"":""Star Trek Online - Collector's Edition"":"" ""","loc:""es"":""Star Trek Online - Collector's Edition"":"" ""","loc:""it"":""Star Trek Online - Collector's Edition"":"" """
pc-sto-web,Star Trek Online  - CLD Retail Edition BL (Promo Card),StarTrek,PRD-STO-R-BL-CLD,"loc:""de"":""Star Trek Online - In game items"":"" ""","loc:""en-US"":""Star Trek Online - In game items"":"" ""","loc:""fr"":""Star Trek Online - In game items"":"" ""","loc:""es"":""Star Trek Online - In game items"":"" ""","loc:""it"":""Star Trek Online - In game items"":"" """
pc-sto-web,Del Taco Trial Product,StarTrek,PRD-STO-PR-DelTacoDays-6,"loc:""fr"":""Star Trek Online - Del Taco Trial Days"":"" ""","loc:""en-US"":""Star Trek Online - Del Taco Trial Days"":"" ""","loc:""de"":""Star Trek Online - Del Taco Trial Days"":"" ""","loc:""es"":""Star Trek Online - Del Taco Trial Days"":"" ""","loc:""it"":""Star Trek Online - Del Taco Trial Days"":"" """
pc-sto-web,STO Game Card 60 Days Digital,StarTrek,PRD-STO-GC-D-60Day,"loc:""de"":""Star Trek Online Digital Game Card - 60 days"":"" ""","loc:""en-US"":""Star Trek Online Digital Game Card - 60 days"":"" ""","loc:""fr"":""Star Trek Online Digital Game Card - 60 days"":"" ""","loc:""es"":""Star Trek Online Digital Game Card - 60 days"":"" ""","loc:""it"":""Star Trek Online Digital Game Card - 60 days"":"" """
pc-sto-web,Star Trek Online  - GameStop Retail Items ND (Promo Card),StarTrek,PRD-STO-R-ND-GameStop,"loc:""de"":""Star Trek Online - In game items"":"" ""","loc:""en-US"":""Star Trek Online - In game items"":"" ""","loc:""fr"":""Star Trek Online - In game items"":"" ""","loc:""es"":""Star Trek Online - In game items"":"" ""","loc:""it"":""Star Trek Online - In game items"":"" """
pc-sto-web,Star Trek Online 5 Day Trial,StarTrek,PRD-STO-PR-Trial5Day,"loc:""de"":""Star Trek Online 5-Day Trial"":"" ""","loc:""en-US"":""Star Trek Online 5-Day Trial"":"" ""","loc:""fr"":""Star Trek Online 5-Day Trial"":"" ""","loc:""es"":""Star Trek Online 5-Day Trial"":"" ""","loc:""it"":""Star Trek Online 5-Day Trial"":"" """
pc-sto-web,Employee STO Lifetime,StarTrek,PRD-STO-E-Lifetime,"loc:""de"":""Star Trek Online Lifetime Employee Account"":"" ""","loc:""en-US"":""Star Trek Online Lifetime Employee Account"":"" ""","loc:""fr"":""Star Trek Online Lifetime Employee Account"":"" ""","loc:""es"":""Star Trek Online Lifetime Employee Account"":"" ""","loc:""it"":""Star Trek Online Lifetime Employee Account"":"" """
pc-sto-web,Temporary holodeck access product for customers having subscription issues,StarTrek,PRD-STO-R-TempCS,"loc:""de"":""STO CS access"":"" ""","loc:""en-US"":""STO CS access"":"" ""","loc:""fr"":""STO CS access"":"" ""","loc:""es"":""STO CS access"":"" ""","loc:""it"":""STO CS access"":"" """
pc-sto-web,Star Trek Online  - EB Retail Edition CA,StarTrek,PRD-STO-R-CA-EB,"loc:""fr"":""Star Trek Online - Retail"":"" ""","loc:""en-US"":""Star Trek Online - Retail"":"" ""","loc:""de"":""Star Trek Online - Retail"":"" ""","loc:""es"":""Star Trek Online - Retail"":"" ""","loc:""it"":""Star Trek Online - Retail"":"" """
pc-sto-web,Star Trek Online  - GameStop Retail Items UK (Promo Card),StarTrek,PRD-STO-R-UK-GameStop,"loc:""fr"":""Star Trek Online - In game items"":"" ""","loc:""en-US"":""Star Trek Online - In game items"":"" ""","loc:""de"":""Star Trek Online - In game items"":"" ""","loc:""es"":""Star Trek Online - In game items"":"" ""","loc:""it"":""Star Trek Online - In game items"":"" """
pc-sto-web,Del Taco Trial Product,StarTrek,PRD-STO-PR-DelTacoDays-2,"loc:""de"":""Star Trek Online - Del Taco Trial Days"":"" ""","loc:""en-US"":""Star Trek Online - Del Taco Trial Days"":"" ""","loc:""fr"":""Star Trek Online - Del Taco Trial Days"":"" ""","loc:""es"":""Star Trek Online - Del Taco Trial Days"":"" ""","loc:""it"":""Star Trek Online - Del Taco Trial Days"":"" """
pc-sto-web,Star Trek Online 10 Day Trial,StarTrek,PRD-STO-PR-Trial10Day,"loc:""fr"":""Star Trek Online 10-Day Trial"":"" ""","loc:""en-US"":""Star Trek Online 10-Day Trial"":"" ""","loc:""de"":""Star Trek Online 10-Day Trial"":"" ""","loc:""es"":""Star Trek Online 10-Day Trial"":"" ""","loc:""it"":""Star Trek Online 10-Day Trial"":"" """
pc-sto-web-cb,Star Trek keys for press with 24/7 access,StarTrek,PRD-STO-CB-Press-24,"loc:""de"":""Star Trek keys for press with 24/7 access"":"" ""","loc:""en-US"":""Star Trek keys for press with 24/7 access"":"" ""","loc:""fr"":""Star Trek keys for press with 24/7 access"":"" ""","loc:""es"":""Star Trek keys for press with 24/7 access"":"" ""","loc:""it"":""Star Trek keys for press with 24/7 access"":"" """
pc-sto-web-cb,Star Trek online - Fileplanet Closed Beta access,StarTrek,PRD-STO-B-ClosedBeta-FilePlanet,"loc:""de"":""Star Trek online - Fileplanet Closed Beta access"":"" ""","loc:""en-US"":""Star Trek online - Fileplanet Closed Beta access"":"" ""","loc:""fr"":""Star Trek online - Fileplanet Closed Beta access"":"" ""","loc:""es"":""Star Trek online - Fileplanet Closed Beta access"":"" ""","loc:""it"":""Star Trek online - Fileplanet Closed Beta access"":"" """
pc-sto-web-cb,Star Trek Online  - Red Squad,StarTrek,PRD-STO-CB-RedSquad,"loc:""de"":""Star Trek Online  - Red Squad"":"" ""","loc:""en-US"":""Star Trek Online  - Red Squad"":"" ""","loc:""fr"":""Star Trek Online  - Red Squad"":"" ""","loc:""es"":""Star Trek Online  - Red Squad"":"" ""","loc:""it"":""Star Trek Online  - Red Squad"":"" """
pc-sto-web-cb,STO Closed Beta,StarTrek,PRD-STO-B-ClosedBeta,"loc:""de"":""Star Trek Online Closed Beta"":"" ""","loc:""en-US"":""Star Trek Online Closed Beta"":"" ""","loc:""fr"":""Star Trek Online Closed Beta"":"" ""","loc:""es"":""Star Trek Online Closed Beta"":"" ""","loc:""it"":""Star Trek Online Closed Beta"":"" """
pc-sto-web-cs,STO Game Card 1 Day Digital,StarTrek,PRD-STO-DR-1dayGameTime,"loc:""de"":""Star Trek Online Game Card - 1 day"":"" ""","loc:""en-US"":""Star Trek Online Game Card - 1 day"":"" ""","loc:""fr"":""Star Trek Online Game Card - 1 day"":"" ""","loc:""es"":""Star Trek Online Game Card - 1 day"":"" ""","loc:""it"":""Star Trek Online Game Card - 1 day"":"" """
pc-sto-web-cs,"60 days access, no sub required",StarTrek,PRD-STO-CS-60days-Temp,"loc:""de"":""Star Trek Online - 60 day game card"":"" ""","loc:""en-US"":""Star Trek Online - 60 day game card"":"" ""","loc:""fr"":""Star Trek Online - 60 day game card"":"" ""","loc:""es"":""Star Trek Online - 60 day game card"":"" ""","loc:""it"":""Star Trek Online - 60 day game card"":"" """
pc-sto-web-cs,Lifetime Preorder for CS use,StarTrek,PRD-STO-CS-LifetimePO,"loc:""de"":""Star Trek Online Lifetime Subscription"":"" ""","loc:""en-US"":""Star Trek Online Lifetime Subscription"":"" ""","loc:""fr"":""Star Trek Online Lifetime Subscription"":"" ""","loc:""es"":""Star Trek Online Lifetime Subscription"":"" ""","loc:""it"":""Star Trek Online Lifetime Subscription"":"" """
pc-sto-web-cs,"5 days access, no sub required",StarTrek,PRD-STO-CS-5days-Temp,"loc:""de"":""Star Trek Online - 5 day game card"":"" ""","loc:""en-US"":""Star Trek Online - 5 day game card"":"" ""","loc:""fr"":""Star Trek Online - 5 day game card"":"" ""","loc:""es"":""Star Trek Online - 5 day game card"":"" ""","loc:""it"":""Star Trek Online - 5 day game card"":"" """
pc-sto-web-cs,"CS 30 day key, no sub required",StarTrek,PRD-STO-R-30days-TempCS,"loc:""de"":""30 day game card"":"" ""","loc:""en-US"":""30 day game card"":"" ""","loc:""fr"":""30 day game card"":"" ""","loc:""es"":""30 day game card"":"" ""","loc:""it"":""30 day game card"":"" """
pc-sto-web-cs,12 month promo sub for CS use,StarTrek,PRD-STO-CS-12MonthPO,"loc:""fr"":""Star Trek Online 12 Month Subscription Preorder"":"" ""","loc:""en-US"":""Star Trek Online 12 Month Subscription Preorder"":"" ""","loc:""de"":""Star Trek Online 12 Month Subscription Preorder"":"" ""","loc:""es"":""Star Trek Online 12 Month Subscription Preorder"":"" ""","loc:""it"":""Star Trek Online 12 Month Subscription Preorder"":"" """
pc-sto-web-nobill,1 month with Retail for VIPs,StarTrek,PRD-STO-PR-1months,"loc:""de"":""Star Trek Online"":"" ""","loc:""en-US"":""Star Trek Online"":"" ""","loc:""fr"":""Star Trek Online"":"" ""","loc:""es"":""Star Trek Online"":"" ""","loc:""it"":""Star Trek Online"":"" """
pc-sto-web-nobill,6 month with Retail for VIPs,StarTrek,PRD-STO-PR-6months,"loc:""de"":""Star Trek Online"":"" ""","loc:""en-US"":""Star Trek Online"":"" ""","loc:""fr"":""Star Trek Online"":"" ""","loc:""es"":""Star Trek Online"":"" ""","loc:""it"":""Star Trek Online"":"" """
pc-sto-web-nobill,3 month with Retail for VIPs,StarTrek,PRD-STO-PR-3months,"loc:""de"":""Star Trek Online"":"" ""","loc:""en-US"":""Star Trek Online"":"" ""","loc:""fr"":""Star Trek Online"":"" ""","loc:""es"":""Star Trek Online"":"" ""","loc:""it"":""Star Trek Online"":"" """
pc-sto-web-ob,Star Trek Pre Order Keys for Gamestation UK,StarTrek,PRD-STO-PRE-UK-Gamestation,"loc:""fr"":""Star Trek Online - Preorder"":"" ""","loc:""en-US"":""Star Trek Online - Preorder"":"" ""","loc:""de"":""Star Trek Online - Preorder"":"" ""","loc:""es"":""Star Trek Online - Preorder"":"" ""","loc:""it"":""Star Trek Online - Preorder"":"" """
pc-sto-web-ob,Star Trek Pre Order Keys for Webbhalen ND,StarTrek,PRD-STO-PRE-ND-Webbhalen,"loc:""de"":""Star Trek Online - Preorder"":"" ""","loc:""en-US"":""Star Trek Online - Preorder"":"" ""","loc:""fr"":""Star Trek Online - Preorder"":"" ""","loc:""es"":""Star Trek Online - Preorder"":"" ""","loc:""it"":""Star Trek Online - Preorder"":"" """
pc-sto-web-ob,Star Trek Pre Order Keys for Gamezone ND,StarTrek,PRD-STO-PRE-ND-Gamezone,"loc:""fr"":""Star Trek Online - Preorder"":"" ""","loc:""en-US"":""Star Trek Online - Preorder"":"" ""","loc:""de"":""Star Trek Online - Preorder"":"" ""","loc:""es"":""Star Trek Online - Preorder"":"" ""","loc:""it"":""Star Trek Online - Preorder"":"" """
pc-sto-web-ob,Star Trek Pre Order Keys for JBJiFi,StarTrek,PRD-STO-PRE-AUS-JBJiFi,"loc:""fr"":""Star Trek Online - Preorder"":"" ""","loc:""en-US"":""Star Trek Online - Preorder"":"" ""","loc:""de"":""Star Trek Online - Preorder"":"" ""","loc:""es"":""Star Trek Online - Preorder"":"" ""","loc:""it"":""Star Trek Online - Preorder"":"" """
pc-sto-web-ob,Star Trek Pre Order Keys for Platekompaniet ND,StarTrek,PRD-STO-PRE-ND-Platekompaniet,"loc:""de"":""Star Trek Online - Preorder"":"" ""","loc:""en-US"":""Star Trek Online - Preorder"":"" ""","loc:""fr"":""Star Trek Online - Preorder"":"" ""","loc:""es"":""Star Trek Online - Preorder"":"" ""","loc:""it"":""Star Trek Online - Preorder"":"" """
pc-sto-web-ob,Star Trek Pre Order Keys for Amazon FR,StarTrek,PRD-STO-PRE-FR-Amazon,"loc:""de"":""Star Trek Online - Preorder"":"" ""","loc:""en-US"":""Star Trek Online - Preorder"":"" ""","loc:""fr"":""Star Trek Online - Preorder"":"" ""","loc:""es"":""Star Trek Online - Preorder"":"" ""","loc:""it"":""Star Trek Online - Preorder"":"" """
pc-sto-web-ob,Star Trek Pre Order Keys for EBGames,StarTrek,PRD-STO-PRE-AUS-EBGames,"loc:""de"":""Star Trek Online - Preorder"":"" ""","loc:""en-US"":""Star Trek Online - Preorder"":"" ""","loc:""fr"":""Star Trek Online - Preorder"":"" ""","loc:""es"":""Star Trek Online - Preorder"":"" ""","loc:""it"":""Star Trek Online - Preorder"":"" """
pc-sto-web-ob,Star Trek Pre Order Keys for Game AUS,StarTrek,PRD-STO-PRE-AUS-Game,"loc:""fr"":""Star Trek Online - Preorder"":"" ""","loc:""en-US"":""Star Trek Online - Preorder"":"" ""","loc:""de"":""Star Trek Online - Preorder"":"" ""","loc:""es"":""Star Trek Online - Preorder"":"" ""","loc:""it"":""Star Trek Online - Preorder"":"" """
pc-sto-web-ob,Star Trek Pre Order Keys for Amazon DE,StarTrek,PRD-STO-PRE-DE-Amazon,"loc:""de"":""Star Trek Online - Preorder"":"" ""","loc:""en-US"":""Star Trek Online - Preorder"":"" ""","loc:""fr"":""Star Trek Online - Preorder"":"" ""","loc:""es"":""Star Trek Online - Preorder"":"" ""","loc:""it"":""Star Trek Online - Preorder"":"" """
pc-sto-web-ob,Star Trek Open Beta Access - Starfleet Intelligence fanclub,StarTrek,PRD-STO-OB-StarFleetInt,"loc:""de"":""Star Trek Open Beta Access - Starfleet International fanclub"":"" ""","loc:""en-US"":""Star Trek Open Beta Access - Starfleet International fanclub"":"" ""","loc:""fr"":""Star Trek Open Beta Access - Starfleet International fanclub"":"" ""","loc:""es"":""Star Trek Open Beta Access - Starfleet International fanclub"":"" ""","loc:""it"":""Star Trek Open Beta Access - Starfleet International fanclub"":"" """
pc-sto-web-ob,Star Trek Pre Order Keys for Play.com UK,StarTrek,PRD-STO-PRE-UK-Playcom,"loc:""fr"":""Star Trek Online - Preorder"":"" ""","loc:""en-US"":""Star Trek Online - Preorder"":"" ""","loc:""de"":""Star Trek Online - Preorder"":"" ""","loc:""es"":""Star Trek Online - Preorder"":"" ""","loc:""it"":""Star Trek Online - Preorder"":"" """
pc-sto-web-ob,Star Trek Online - Preorder Microcenter,StarTrek,STO_PRE_Microcenter,"loc:""de"":""Star Trek Online - Preorder"":"" ""","loc:""en-US"":""Star Trek Online - Preorder"":"" ""","loc:""fr"":""Star Trek Online - Preorder"":"" ""","loc:""es"":""Star Trek Online - Preorder"":"" ""","loc:""it"":""Star Trek Online - Preorder"":"" """
pc-sto-web-ob,Star Trek Pre Order Keys for GameStop DE,StarTrek,PRD-STO-PRE-DE-GameStop,"loc:""fr"":""Star Trek Online - Preorder"":"" ""","loc:""en-US"":""Star Trek Online - Preorder"":"" ""","loc:""de"":""Star Trek Online - Preorder"":"" ""","loc:""es"":""Star Trek Online - Preorder"":"" ""","loc:""it"":""Star Trek Online - Preorder"":"" """
pc-sto-web-ob,Star Trek Online  Pre Order keys for  ABC Software GmbH - CH (French) Retail Edition FR,StarTrek,PRD-STO-PRE-DE-ABCSoftwareFR,"loc:""fr"":""Star Trek online - Preorder"":"" ""","loc:""en-US"":""Star Trek Online - Preorder"":"" ""","loc:""de"":""Star Trek Online - Preorder"":"" ""","loc:""es"":""Star Trek Online - Preorder"":"" ""","loc:""it"":""Star Trek Online - Preorder"":"" """
pc-sto-web-ob,Star Trek Pre Order Keys for RealNetwork,StarTrek,PRD-STO-PRE-RealNetwork,"loc:""fr"":""Star Trek Online - Preorder"":"" ""","loc:""en-US"":""Star Trek Online - Preorder"":"" ""","loc:""de"":""Star Trek Online - Preorder"":"" ""","loc:""es"":""Star Trek Online - Preorder"":"" ""","loc:""it"":""Star Trek Online - Preorder"":"" """
pc-sto-web-ob,Star Trek Pre Order Keys for HMV UK,StarTrek,PRD-STO-PRE-UK-HMV,"loc:""fr"":""Star Trek Online - Preorder"":"" ""","loc:""en-US"":""Star Trek Online - Preorder"":"" ""","loc:""de"":""Star Trek Online - Preorder"":"" ""","loc:""es"":""Star Trek Online - Preorder"":"" ""","loc:""it"":""Star Trek Online - Preorder"":"" """
pc-sto-web-ob,Star Trek Online - Preorder Microcenter,StarTrek,PRD-STO-PRE-Microcenter,"loc:""de"":""Star Trek Online - Preorder"":"" ""","loc:""en-US"":""Star Trek Online - Preorder"":"" ""","loc:""fr"":""Star Trek Online - Preorder"":"" ""","loc:""es"":""Star Trek Online - Preorder"":"" ""","loc:""it"":""Star Trek Online - Preorder"":"" """
pc-sto-web-ob,Star Trek Pre Order Keys for Micromania,StarTrek,PRD-STO-PRE-FR-Micromania,"loc:""fr"":""Star Trek Online - Preorder"":"" ""","loc:""en-US"":""Star Trek Online - Preorder"":"" ""","loc:""de"":""Star Trek Online - Preorder"":"" ""","loc:""es"":""Star Trek Online - Preorder"":"" ""","loc:""it"":""Star Trek Online - Preorder"":"" """
pc-sto-web-ob,Star Trek Online  - Preorder Visco,StarTrek,STO_PRE_Visco,"loc:""de"":""Star Trek Online  - Preorder"":"" ""","loc:""en-US"":""Star Trek Online  - Preorder"":"" ""","loc:""fr"":""Star Trek Online  - Preorder"":"" ""","loc:""es"":""Star Trek Online  - Preorder"":"" ""","loc:""it"":""Star Trek Online  - Preorder"":"" """
pc-sto-web-ob,Star Trek Online Preorder code for GNT ND,StarTrek,PRD-STO-PRE-ND-GNT,"loc:""de"":""Star Trek Online - Preorder"":"" ""","loc:""en-US"":""Star Trek Online - Preorder"":"" ""","loc:""fr"":""Star Trek Online - Preorder"":"" ""","loc:""es"":""Star Trek Online - Preorder"":"" ""","loc:""it"":""Star Trek Online - Preorder"":"" """
pc-sto-web-ob,Star Trek Online  Pre Order keys for  Hastings,StarTrek,STO_PRE_Hastings,"loc:""de"":""Star Trek Online - Preorder"":"" ""","loc:""en-US"":""Star Trek Online - Preorder"":"" ""","loc:""fr"":""Star Trek Online - Preorder"":"" ""","loc:""es"":""Star Trek Online - Preorder"":"" ""","loc:""it"":""Star Trek Online - Preorder"":"" """
pc-sto-web-ob,Star Trek Pre Order Keys for Digital River,StarTrek,PRD-STO-PRE-DigitalRiver,"loc:""de"":""Star Trek Online - Preorder"":"" ""","loc:""en-US"":""Star Trek Online - Preorder"":"" ""","loc:""fr"":""Star Trek Online - Preorder"":"" ""","loc:""es"":""Star Trek Online - Preorder"":"" ""","loc:""it"":""Star Trek Online - Preorder"":"" """
pc-sto-web-ob,Star Trek Pre Order Keys for CD.On ND,StarTrek,PRD-STO-PRE-ND-CDOn,"loc:""fr"":""Star Trek Online - Preorder"":"" ""","loc:""en-US"":""Star Trek Online - Preorder"":"" ""","loc:""de"":""Star Trek Online - Preorder"":"" ""","loc:""es"":""Star Trek Online - Preorder"":"" ""","loc:""it"":""Star Trek Online - Preorder"":"" """
pc-sto-web-ob,Star Trek Pre Order Keys for Target,StarTrek,STO_PRE_Target,"loc:""fr"":""Star Trek Online - Preorder"":"" ""","loc:""en-US"":""Star Trek Online - Preorder"":"" ""","loc:""de"":""Star Trek Online - Preorder"":"" ""","loc:""es"":""Star Trek Online - Preorder"":"" ""","loc:""it"":""Star Trek Online - Preorder"":"" """
pc-sto-web-ob,Star Trek Online  - Open Beta,StarTrek,PRD-STO-OB-GameStopMgrs,"loc:""de"":""Star Trek Online  - Open Beta"":"" ""","loc:""en-US"":""Star Trek Online  - Open Beta"":"" ""","loc:""fr"":""Star Trek Online  - Open Beta"":"" ""","loc:""es"":""Star Trek Online  - Open Beta"":"" ""","loc:""it"":""Star Trek Online  - Open Beta"":"" """
pc-sto-web-ob,Star Trek Pre Order Keys for 12Game.com BL,StarTrek,PRD-STO-PRE-BL-12Game,"loc:""fr"":""Star Trek Online - Preorder"":"" ""","loc:""en-US"":""Star Trek Online - Preorder"":"" ""","loc:""de"":""Star Trek Online - Preorder"":"" ""","loc:""es"":""Star Trek Online - Preorder"":"" ""","loc:""it"":""Star Trek Online - Preorder"":"" """
pc-sto-web-ob,Star Trek Pre Order Keys for D2D,StarTrek,PRD-STO-PRE-D2D,"loc:""fr"":""Star Trek Online - Preorder"":"" ""","loc:""en-US"":""Star Trek Online - Preorder"":"" ""","loc:""de"":""Star Trek Online - Preorder"":"" ""","loc:""es"":""Star Trek Online - Preorder"":"" ""","loc:""it"":""Star Trek Online - Preorder"":"" """
pc-sto-web-ob,Star Trek Pre Order Keys for Austria DE,StarTrek,PRD-STO-PRE-DE-Austria,"loc:""de"":""Star Trek Online - Preorder"":"" ""","loc:""en-US"":""Star Trek Online - Preorder"":"" ""","loc:""fr"":""Star Trek Online - Preorder"":"" ""","loc:""es"":""Star Trek Online - Preorder"":"" ""","loc:""it"":""Star Trek Online - Preorder"":"" """
pc-sto-web-ob,Star Trek Online  - Digital Preorder,StarTrek,PRD-STO-PRE-D,"loc:""fr"":""Star Trek Online - Preorder"":"" ""","loc:""en-US"":""Star Trek Online - Preorder"":"" ""","loc:""de"":""Star Trek Online - Preorder"":"" ""","loc:""es"":""Star Trek Online - Preorder"":"" ""","loc:""it"":""Star Trek Online - Preorder"":"" """
pc-sto-web-ob,Star Trek Pre Order Keys for Best Buy,StarTrek,STO_PRE_BestBuy,"loc:""fr"":""Star Trek Online - Preorder"":"" ""","loc:""en-US"":""Star Trek Online - Preorder"":"" ""","loc:""de"":""Star Trek Online - Preorder"":"" ""","loc:""es"":""Star Trek Online - Preorder"":"" ""","loc:""it"":""Star Trek Online - Preorder"":"" """
pc-sto-web-ob,SStar Trek Online  Pre Order EU,StarTrek,PRD-STO-PRE-D-EU,"loc:""de"":""Star Trek Online - Preorder"":"" ""","loc:""en-US"":""Star Trek Online - Preorder"":"" ""","loc:""fr"":""Star Trek Online - Preorder"":"" ""","loc:""es"":""Star Trek Online - Preorder"":"" ""","loc:""it"":""Star Trek Online - Preorder"":"" """
pc-sto-web-ob,Star Trek Online  Pre order keys for ABC Software GmbH - CH (German) Retail Edition DE,StarTrek,PRD-STO-PRE-DE-ABCSoftwareDE,"loc:""de"":""Star Trek Online - Preorder"":"" ""","loc:""en-US"":""Star Trek Online - Preorder"":"" ""","loc:""fr"":""Star Trek Online - Preorder"":"" ""","loc:""es"":""Star Trek Online - Preorder"":"" ""","loc:""it"":""Star Trek Online - Preorder"":"" """
pc-sto-web-ob,Gametap Digital Preorder - EU,StarTrek,PRD-STO-PRE-Gametap,"loc:""de"":""Star Trek Online - Preorder"":"" ""","loc:""en-US"":""Star Trek Online - Preorder"":"" ""","loc:""fr"":""Star Trek Online - Preorder"":"" ""","loc:""es"":""Star Trek Online - Preorder"":"" ""","loc:""it"":""Star Trek Online - Preorder"":"" """
pc-sto-web-ob,Star Trek Pre Order Keys for Game ND,StarTrek,PRD-STO-PRE-ND-Game,"loc:""fr"":""Star Trek Online - Preorder"":"" ""","loc:""en-US"":""Star Trek Online - Preorder"":"" ""","loc:""de"":""Star Trek Online - Preorder"":"" ""","loc:""es"":""Star Trek Online - Preorder"":"" ""","loc:""it"":""Star Trek Online - Preorder"":"" """
pc-sto-web-ob,Star Trek Pre Order Keys for Steam,StarTrek,PRD-STO-PRE-Steam,"loc:""de"":""Star Trek Online - Preorder"":"" ""","loc:""en-US"":""Star Trek Online - Preorder"":"" ""","loc:""fr"":""Star Trek Online - Preorder"":"" ""","loc:""es"":""Star Trek Online - Preorder"":"" ""","loc:""it"":""Star Trek Online - Preorder"":"" """
pc-sto-web-ob,Star Trek Online  - Advantage UK Preorder,StarTrek,PRD-STO-PRE-UK-Advantage,"loc:""fr"":""Star Trek Online - Preorder"":"" ""","loc:""en-US"":""Star Trek Online - Preorder"":"" ""","loc:""de"":""Star Trek Online - Preorder"":"" ""","loc:""es"":""Star Trek Online - Preorder"":"" ""","loc:""it"":""Star Trek Online - Preorder"":"" """
pc-sto-web-ob,Stardock Pre Order,StarTrek,PRD-STO-PRE-Stardock,"loc:""de"":""Star Trek Online - Preorder"":"" ""","loc:""en-US"":""Star Trek Online - Preorder"":"" ""","loc:""fr"":""Star Trek Online - Preorder"":"" ""","loc:""es"":""Star Trek Online - Preorder"":"" ""","loc:""it"":""Star Trek Online - Preorder"":"" """
pc-sto-web-ob,Metaboli Digital Preorder - EU,StarTrek,PRD-STO-PRE-Metaboli,"loc:""fr"":""Star Trek Online - Preorder"":"" ""","loc:""en-US"":""Star Trek Online - Preorder"":"" ""","loc:""de"":""Star Trek Online - Preorder"":"" ""","loc:""es"":""Star Trek Online - Preorder"":"" ""","loc:""it"":""Star Trek Online - Preorder"":"" """
pc-sto-web-ob,Star Trek Pre Order Keys for Komplett ND,StarTrek,PRD-STO-PRE-ND-Komplett,"loc:""de"":""Star Trek Online - Preorder"":"" ""","loc:""en-US"":""Star Trek Online - Preorder"":"" ""","loc:""fr"":""Star Trek Online - Preorder"":"" ""","loc:""es"":""Star Trek Online - Preorder"":"" ""","loc:""it"":""Star Trek Online - Preorder"":"" """
pc-sto-web-ob,Star Trek Pre Order Keys for GameStop ND,StarTrek,PRD-STO-PRE-ND-GameStop,"loc:""de"":""Star Trek Online - Preorder"":"" ""","loc:""en-US"":""Star Trek Online - Preorder"":"" ""","loc:""fr"":""Star Trek Online - Preorder"":"" ""","loc:""es"":""Star Trek Online - Preorder"":"" ""","loc:""it"":""Star Trek Online - Preorder"":"" """
pc-sto-web-ob,STO Pre Order keys for Customer Service use,StarTrek,STO_PRE_CustServ,"loc:""de"":""STO Pre Order keys for Customer Service use"":"" ""","loc:""en-US"":""STO Pre Order keys for Customer Service use"":"" ""","loc:""fr"":""STO Pre Order keys for Customer Service use"":"" ""","loc:""es"":""STO Pre Order keys for Customer Service use"":"" ""","loc:""it"":""STO Pre Order keys for Customer Service use"":"" """
pc-sto-web-ob,Star Trek Pre Order Keys for Game Stop,StarTrek,STO_PRE_GameStop,"loc:""de"":""Star Trek Online - Preorder"":"" ""","loc:""en-US"":""Star Trek Online - Preorder"":"" ""","loc:""fr"":""Star Trek Online - Preorder"":"" ""","loc:""es"":""Star Trek Online - Preorder"":"" ""","loc:""it"":""Star Trek Online - Preorder"":"" """
pc-sto-web-ob,Star Trek Pre Order Keys for Spaceworld ND,StarTrek,PRD-STO-PRE-ND-Spaceworld,"loc:""fr"":""Star Trek Online - Preorder"":"" ""","loc:""en-US"":""Star Trek Online - Preorder"":"" ""","loc:""de"":""Star Trek Online - Preorder"":"" ""","loc:""es"":""Star Trek Online - Preorder"":"" ""","loc:""it"":""Star Trek Online - Preorder"":"" """
pc-sto-web-ob,Star Trek Online Preorder code for CLD BL,StarTrek,PRD-STO-PRE-BL-CLD,"loc:""de"":""Star Trek Online - Preorder"":"" ""","loc:""en-US"":""Star Trek Online - Preorder"":"" ""","loc:""fr"":""Star Trek Online - Preorder"":"" ""","loc:""es"":""Star Trek Online - Preorder"":"" ""","loc:""it"":""Star Trek Online - Preorder"":"" """
pc-sto-web-ob,Star Trek Pre Order Keys for EB CA,StarTrek,PRD-STO-PRE-CA-EB,"loc:""fr"":""Star Trek Online - Preorder"":"" ""","loc:""en-US"":""Star Trek Online - Preorder"":"" ""","loc:""de"":""Star Trek Online - Preorder"":"" ""","loc:""es"":""Star Trek Online - Preorder"":"" ""","loc:""it"":""Star Trek Online - Preorder"":"" """
pc-sto-web-ob,Star Trek Pre Order Keys for Game UK,StarTrek,PRD-STO-PRE-UK-Game,"loc:""fr"":""Star Trek Online - Preorder"":"" ""","loc:""en-US"":""Star Trek Online - Preorder"":"" ""","loc:""de"":""Star Trek Online - Preorder"":"" ""","loc:""es"":""Star Trek Online - Preorder"":"" ""","loc:""it"":""Star Trek Online - Preorder"":"" """
pc-sto-web-ob,Nexway digital preorder - EU,StarTrek,PRD-STO-PRE-Nexway,"loc:""en-US"":""Nexway digital preorder - EU"":"" ""","loc:""de"":""Nexway digital preorder - EU"":"" ""","loc:""fr"":""Nexway digital preorder - EU"":"" ""","loc:""es"":""Nexway digital preorder - EU"":"" ""","loc:""it"":""Nexway digital preorder - EU"":"" """
pc-sto-web-ob,Star Trek Pre Order Keys for WalMart,StarTrek,STO_PRE_WalMart,"loc:""de"":""Star Trek Online - Preorder"":"" ""","loc:""en-US"":""Star Trek Online - Preorder"":"" ""","loc:""fr"":""Star Trek Online - Preorder"":"" ""","loc:""es"":""Star Trek Online - Preorder"":"" ""","loc:""it"":""Star Trek Online - Preorder"":"" """
pc-sto-web-ob,Star Trek Pre Order Keys for Amazon UK,StarTrek,PRD-STO-PRE-UK-Amazon,"loc:""de"":""Star Trek Online - Preorder"":"" ""","loc:""en-US"":""Star Trek Online - Preorder"":"" ""","loc:""fr"":""Star Trek Online - Preorder"":"" ""","loc:""es"":""Star Trek Online - Preorder"":"" ""","loc:""it"":""Star Trek Online - Preorder"":"" """
pc-sto-web-ob,Star Trek Online - Preorder Kmart,StarTrek,STO_PRE_Kmart,"loc:""de"":""Star Trek Online - Preorder"":"" ""","loc:""en-US"":""Star Trek Online - Preorder"":"" ""","loc:""fr"":""Star Trek Online - Preorder"":"" ""","loc:""es"":""Star Trek Online - Preorder"":"" ""","loc:""it"":""Star Trek Online - Preorder"":"" """
pc-sto-web-ob,Star Trek Online - Preorder EU,StarTrek,PRD-STO-PRE-EU,"loc:""de"":""Star Trek Online - Preorder"":"" ""","loc:""en-US"":""Star Trek Online - Preorder"":"" ""","loc:""fr"":""Star Trek Online - Preorder"":"" ""","loc:""es"":""Star Trek Online - Preorder"":"" ""","loc:""it"":""Star Trek Online - Preorder"":"" """
pc-sto-web-ob,Star Trek Online Open beta access,StarTrek,PRD-STO-OB,"loc:""de"":""Star Trek Online Open beta access"":"" ""","loc:""en-US"":""Star Trek Online Open beta access"":"" ""","loc:""fr"":""Star Trek Online Open beta access"":"" ""","loc:""es"":""Star Trek Online Open beta access"":"" ""","loc:""it"":""Star Trek Online Open beta access"":"" """
pc-sto-web-ob,Star Trek Online - Preorder Kmart,StarTrek,PRD-STO-PRE-Kmart,"loc:""de"":""Star Trek Online - Preorder"":"" ""","loc:""en-US"":""Star Trek Online - Preorder"":"" ""","loc:""fr"":""Star Trek Online - Preorder"":"" ""","loc:""es"":""Star Trek Online - Preorder"":"" ""","loc:""it"":""Star Trek Online - Preorder"":"" """
pc-sto-web-ob,Star Trek Pre Order Keys for Fnac,StarTrek,PRD-STO-PRE-FR-Fnac,"loc:""de"":""Star Trek Online - Preorder"":"" ""","loc:""en-US"":""Star Trek Online - Preorder"":"" ""","loc:""fr"":""Star Trek Online - Preorder"":"" ""","loc:""es"":""Star Trek Online - Preorder"":"" ""","loc:""it"":""Star Trek Online - Preorder"":"" """
pc-sto-web-ob,Star Trek Online Preorder code for Game ES,StarTrek,PRD-STO-PRE-ES-Game,"loc:""de"":""Star Trek Online - Preorder"":"" ""","loc:""en-US"":""Star Trek Online - Preorder"":"" ""","loc:""fr"":""Star Trek Online - Preorder"":"" ""","loc:""es"":""Star Trek Online - Preorder"":"" ""","loc:""it"":""Star Trek Online - Preorder"":"" """
pc-sto-web-ob,Star Trek Pre Order Keys for Game,StarTrek,PRD-STO-PRE-FR-Game,"loc:""de"":""Star Trek Online - Preorder"":"" ""","loc:""en-US"":""Star Trek Online - Preorder"":"" ""","loc:""fr"":""Star Trek Online - Preorder"":"" ""","loc:""es"":""Star Trek Online - Preorder"":"" ""","loc:""it"":""Star Trek Online - Preorder"":"" """
pc-sto-web-ob,Star Trek Pre Order Keys for GameStop UK,StarTrek,PRD-STO-PRE-UK-GameStop,"loc:""de"":""Star Trek Online - Preorder"":"" ""","loc:""en-US"":""Star Trek Online - Preorder"":"" ""","loc:""fr"":""Star Trek Online - Preorder"":"" ""","loc:""es"":""Star Trek Online - Preorder"":"" ""","loc:""it"":""Star Trek Online - Preorder"":"" """
pc-sto-web-ob,Star Trek Online Preorder code for Gamestop ES,StarTrek,PRD-STO-PRE-ES-Gamestop,"loc:""de"":""Star Trek Online - Preorder"":"" ""","loc:""en-US"":""Star Trek Online - Preorder"":"" ""","loc:""fr"":""Star Trek Online - Preorder"":"" ""","loc:""es"":""Star Trek Online - Preorder"":"" ""","loc:""it"":""Star Trek Online - Preorder"":"" """
pc-sto-web-ob,Star Trek Online Preorder code for Blockbuster ND,StarTrek,PRD-STO-PRE-ND-Blockbuster,"loc:""de"":""Star Trek Online - Preorder"":"" ""","loc:""en-US"":""Star Trek Online - Preorder"":"" ""","loc:""fr"":""Star Trek Online - Preorder"":"" ""","loc:""es"":""Star Trek Online - Preorder"":"" ""","loc:""it"":""Star Trek Online - Preorder"":"" """
pc-sto-web-ob,Star Trek Pre Order Keys for Elektronik DE,StarTrek,PRD-STO-PRE-DE-Elektronik,"loc:""de"":""Star Trek Online - Preorder"":"" ""","loc:""en-US"":""Star Trek Online - Preorder"":"" ""","loc:""fr"":""Star Trek Online - Preorder"":"" ""","loc:""es"":""Star Trek Online - Preorder"":"" ""","loc:""it"":""Star Trek Online - Preorder"":"" """
pc-sto-web-ob,Star Trek Pre Order Keys for Amazon,StarTrek,STO_PRE_Amazon,"loc:""de"":""Star Trek Online - Preorder"":"" ""","loc:""en-US"":""Star Trek Online - Preorder"":"" ""","loc:""fr"":""Star Trek Online - Preorder"":"" ""","loc:""es"":""Star Trek Online - Preorder"":"" ""","loc:""it"":""Star Trek Online - Preorder"":"" """
pc-sto-web-po,Star Trek Online 12 month game time,StarTrek,PRD-STO-R-12MonthPO,"loc:""fr"":""Star Trek Online 12 Month gametime preorder"":"" ""","loc:""en-US"":""Star Trek Online 12 Month Subscription Preorder"":"" ""","loc:""de"":""Star Trek Online 12 Month gametime preorder"":"" ""","loc:""es"":""Star Trek Online 12 Month Subscription Preorder"":"" ""","loc:""it"":""Star Trek Online 12 Month Subscription Preorder"":"" """
pc-sto-web-po,Star Trek Online Lifetime,StarTrek,PRD-STO-R-LifetimePO,"loc:""de"":""Star Trek Online Lifetime Subscription"":"" ""","loc:""en-US"":""Star Trek Online Lifetime Subscription"":"" ""","loc:""fr"":""Star Trek Online Lifetime Subscription"":"" ""","loc:""es"":""Star Trek Online Lifetime Subscription"":"" ""","loc:""it"":""Star Trek Online Lifetime Subscription"":"" """
web,Tactical Console - Light Phaser Turret Launcher - Deploys an automated Light phaser beam turret,StarTrek,PRD-STO-PR-FI-PhaserSatelliteKey,"loc:""en-US"":""Tactical Console - Light Phaser Turret Launcher - Deploys an automated Light phaser beam turret"":"" ""","loc:""fr"":""[fr] Tactical Console - Light Phaser Turret Launcher - Deploys an automated Light phaser beam turret"":""[fr] Tactical Console - Light Phaser Turret Launcher - Deploys an automated Light phaser beam turret""","loc:""de"":""[de] Tactical Console - Light Phaser Turret Launcher - Deploys an automated Light phaser beam turret"":""[de] Tactical Console - Light Phaser Turret Launcher - Deploys an automated Light phaser beam turret""","loc:""es"":""Tactical Console - Light Phaser Turret Launcher - Deploys an automated Light phaser beam turret"":"" ""","loc:""it"":""Tactical Console - Light Phaser Turret Launcher - Deploys an automated Light phaser beam turret"":"" """
web,Engineering Console - Radiometric Converter - Incoming Attacks increase power levels.,StarTrek,PRD-STO-PR-FI-RadiometricConverterKey,"loc:""en-US"":""Engineering Console - Radiometric Converter - Incoming Attacks increase power levels."":""""","loc:""de"":""[de] Engineering Console - Radiometric Converter - Incoming Attacks increase power levels."":""[de] Engineering Console - Radiometric Converter - Incoming Attacks increase power levels.""","loc:""fr"":""[fr] Engineering Console - Radiometric Converter - Incoming Attacks increase power levels."":""[fr] Engineering Console - Radiometric Converter - Incoming Attacks increase power levels.""","loc:""es"":""Engineering Console - Radiometric Converter - Incoming Attacks increase power levels."":""""","loc:""it"":""Engineering Console - Radiometric Converter - Incoming Attacks increase power levels."":"""""
web,Tactical Console - Light Phaser Turret Launcher - Deploys an automated Light phaser beam turret,StarTrek,PRD-STO-M-PR-PhaserSatelliteKey,"loc:""en-US"":""Tactical Console - Light Phaser Turret Launcher - Deploys an automated Light phaser beam turret"":"" ""","loc:""fr"":""[fr] Tactical Console - Light Phaser Turret Launcher - Deploys an automated Light phaser beam turret"":""[fr] Tactical Console - Light Phaser Turret Launcher - Deploys an automated Light phaser beam turret""","loc:""de"":""[de] Tactical Console - Light Phaser Turret Launcher - Deploys an automated Light phaser beam turret"":""[de] Tactical Console - Light Phaser Turret Launcher - Deploys an automated Light phaser beam turret""","loc:""es"":""Tactical Console - Light Phaser Turret Launcher - Deploys an automated Light phaser beam turret"":"" ""","loc:""it"":""Tactical Console - Light Phaser Turret Launcher - Deploys an automated Light phaser beam turret"":"" """
web,Engineering Console - Radiometric Converter - Incoming Attacks increase power levels.,StarTrek,PRD-STO-M-PR-RadiometricConverterKey,"loc:""en-US"":""Engineering Console - Radiometric Converter - Incoming Attacks increase power levels."":"" ""","loc:""de"":""[de] Engineering Console - Radiometric Converter - Incoming Attacks increase power levels."":""[de] Engineering Console - Radiometric Converter - Incoming Attacks increase power levels.""","loc:""fr"":""[fr] Engineering Console - Radiometric Converter - Incoming Attacks increase power levels."":""[fr] Engineering Console - Radiometric Converter - Incoming Attacks increase power levels.""","loc:""es"":""Engineering Console - Radiometric Converter - Incoming Attacks increase power levels."":"" ""","loc:""it"":""Engineering Console - Radiometric Converter - Incoming Attacks increase power levels."":"" """
